JOB_NAME;SALARY;POSTED_DATE_AT;DESCRIPTION;SOURCE_PICTURE
Nhân Viên Kế Toán Tổng Hợp (Lương 15 - 20 Triệu);15 - 20 triệu;05/03/2024;- Báo cáo thuế định kỳ - Kiểm tra đối chiếu số liệu, theo dõi công nợ. - Lập báo cáo tài chính theo quý, năm - Tham gia kiểm kê tài sản. - Thống kê tổng hợp số liệu kế toán khi có yêu cầu. - Lưu trữ hồ dữ liệu hồ sơ. - Tham gia làm hồ sơ dự thầu, phát triển thị trường. - Tiếp đối tác cùng Trưởng phòng kỹ thuật khi có yêu cầu. - Thống kê giải trình khi có yêu cầu (chi cục thuế, ngân hàng, ban giám đốc,…);https://cdn1.vieclam24h.vn/images/employer_avatar/2023/12/05/Screenshot 2023-12-05 103038_170174707353.png
Kế Toán Tổng Hợp - Đi Làm Ngay - Ưu Tiên Ứng Viên Khu Vực Gia Lâm, Hà Nội;14 - 20 triệu;06/03/2024;- Hạch toán chứng từ mua hàng - Hạch toán lương - Làm hồ sơ thanh toán ngân hàng và hồ sơ vay vốn - Hạch toán các món chi phí được giao - Theo dõi hàng tồn kho - Báo cáo tuần, tháng, năm theo yêu cầu của ban lãnh đạo - Công việc cụ thể trao đổi khi phỏng vấn;https://cdn1.vieclam24h.vn/tvn/images/employer_avatar/2022/10/11/images/166545205124.png
Nhân Viên Nữ Kế Toán - Đi Làm Ngay (Làm Tại Tân Bình);10 - 15 triệu;08/03/2024;"- Thực hiện hạch toán nhập, xuất hàng, xuất hóa đơn GTGT, theo dõi sổ sách kế toán; - Thực hiện hạch toán và xử lý số liệu đối với các nghiệp vụ kế toán trong Công ty; - Hỗ trợ, phối hợp với các bộ phận liên quan trong Công ty nhằm đạt hiệu quả cao trong công việc; - Thống kê và tổng hợp số liệu kế toán khi có yêu cầu; - Thực hiện các công việc tài chính, kế toán khác theo yêu cầu của Trưởng phòng Kế toán/ Ban Giám đốc. - Bảo mật các số liệu kế toán. - Công việc sẽ được trao đổi chi tiết nhất tại buổi phỏng vấn. - Địa chỉ làm việc: 18 Nguyễn Thế Lộc, Phường 12, Quận Tân Bình, TP. Hồ Chí Minh";https://cdn1.vieclam24h.vn/images/default/2023/10/16/z4788737731789_71bf0c0e0c4ab4be77c7815776c38aa8_169744763328.jpg
Nhân Viên Kế Toán;8 - 10 triệu;24/02/2024;Hàng ngày lên kế hoạch đòi nợ, nhắc nợ khách hàng. Lập bảng đối chiếu công nợ với khách hàng. Cập nhật, vô sổ công nợ kịp thời, tránh để sót. Kiểm tra chi tiết công nợ của từng khách hàng, thời hạn thanh toán, số tiền đã quá hạn và báo cáo cho quản lý. Lập hợp đồng thầu, hợp đồng mua bán, hợp đồng nguyên tắc. Làm biên bản nghiệm thu, thanh lý, mẫu giấy thanh toán để khách hàng chuyển tiền. Theo dõi việc gửi, nhận và lưu giữ các loại hợp đồng. Lập bảng báo giá kịp thời cho khách hàng. Lưu giữ đầy đủ các bảng báo giá đã gởi cho khách hàng. Cung cấp các thông tin cho bộ phận kế toán liên quan. Kết hợp cùng bộ phận làm thầu để làm hồ sơ tham dự thầu. Nghiên cứu, chọn lọc các mặt hàng công ty có thể đáp ứng được để lên danh mục tham gia đấu thầu. Trên cơ sở đó liên hệ nhà cung cấp để xin ủy quyền bán hàng đối với các mặt hàng có yêu cầu về ủy quyền bán hàng. Chuẩn bị tài liệu, giấy tờ pháp lý liên quan đến sản phẩm đấu thầu. Thực hiện các công việc nội bộ khác theo yêu cầu của Kế toán trưởng.;https://cdn1.vieclam24h.vn/images/old_employer_avatar/images/c0b68a39b1e43c2c0767266323734c29_1521768444_nam_hng_vit.png
Nhân Viên Kế Toán Tổng Hợp;8 - 12 triệu;02/03/2024;-Nhập xuất HĐ bán ra theo DS kế toán bán hàng, hàng ngày -Tổ chức công đoàn cơ sở, theo dõi đóng BH cho người lao động của Cty -Theo dõi giải ngân, lấy chứng từ ngân hàng - Các công việc chi tiết trao đổi thêm khi phỏng vấn. Làm việc tại Phú Thọ;https://cdn1.vieclam24h.vn/images/employer_avatar/2023/12/14/Thiết kế chưa có tên (100)_170252336012.png
Kế Toán Trưởng Kiêm Hành Chính;20 - 30 triệu;07/03/2024;- Kiểm soát và soát xét quá trình ghi sổ kế toán - Có trách nhiệm chuẩn bị ngân sách và dự báo, thực hiện phân tích chênh lệch ngân sách. - Lập dự toán (định giá) và kiểm soát chi phí sản phẩm - Đảm bảo tuân thủ luật thuế bao gồm cả việc chuẩn bị khai thuế - Đảm bảo kiểm soát hàng tồn kho và định giá công ty, đối chiếu hàng tồn kho, nhập hàng tồn kho, theo dõi lãi/lỗ hàng tồn kho. - Cung cấp việc lập và nộp đầy đủ, kịp thời tất cả các báo cáo kế toán và báo cáo tài chính, báo cáo thuế. - Đảm bảo rằng các thủ tục và kiểm soát kịp thời được thực hiện cho bộ phận kế toán và là hướng dẫn cho nhân viên trong bộ phận. - Đảm bảo tất cả hồ sơ kế toán và báo cáo tài chính tuân thủ các chuẩn mực do công ty đặt ra và tuân thủ hệ thống kế toán thông thường của công ty - Hỗ trợ các thủ tục XNK + Phụ trách các công tác hành chính;https://cdn1.vieclam24h.vn/images/employer_avatar/2023/03/09/e3d6ad082a0cf752ae1d_167832619494.jpg
Nhân Viên Kế Toán;9 - 15 triệu;26/02/2024;- Hàng ngày kiểm tra số liệu xuất hang của kho, duyệt phiếu xuất hàng, doanh thu trên phần mềm ERP - Kiểm tra, đối chiếu số lượng hàng bán, quyết toán với khách hàng theo đợt đồng thời xuất hóa đơn giá trị gia tăng - Kiểm tra, theo dõi hang thanh lý bán ra - Kiểm tra, đối chiếu số liệu với bên vận chuyển - Theo dõi tình hình công nợ khách hang kịp thời nhắc nợ với nội cần kinh doanh - Định khoản và phân loại chứng từ theo từng nghiệp vụ kinh tế phát sinh. - Kiểm tra hoa hồng cho nhân viên nghiệp vụ mỗi tháng và cuối năm - Thực hiện các công việc chốt sổ mỗi tháng: doanh thu bán hàng, vận chuyển - Sắp xếp,bảo quản và lưu trữ chứng từ - Làm các công việc khác theo sự phân công của quản lý;https://cdn1.vieclam24h.vn/images/default/2020/11/13/images/img_vieclam24h_vn_160526334642.png
Nhân Viên Kế Toán Tổng Hợp;10 - 20 triệu;29/02/2024;- Trực điện thoại - Trả lời thông tin khách hàng khi chạy quảng cáo - Ghi chép đơn hàng, tên KH, SDT - Hỏi thăm về dịch vụ lắp đặt sau khi bàn giao công trình - Theo dõi công nợ khách hàng - Theo dõi lương, thưởng, phạt nhân viên - Ghi chép thu chi các công trình - Đặt vé máy bay, khách sạn cho nhân viên khi có yêu cầu - Thời gian: 8h – 17h từ thứ 2 – thứ 7 - Địa điểm làm việc: Số 7-BT3, Yên xá , Tân Triều, Thanh Trì, Hà Nội;https://cdn1.vieclam24h.vn/images/default/2022/08/22/images/166115668218.jpeg
Nhân Viên Kế Toán Tổng Hợp;13 - 15 triệu;29/02/2024;Theo dõi công nợ phải thu, phải trả Hạch toán kế toán trên phần mềm kế toán loại hình Cty sản xuất (chỉ hạch toán kế toán phục vụ cho thuế) Làm báo cáo thuế định kỳ. Làm Quyết toán thuế năm. Làm hồ sơ BHXH (1 tháng chỉ làm vài hồ sơ) Các công việc cụ thể sẽ được hướng dẫn làm. Thời gian làm việc : 7h30 - 16h30 từ thứ 2 đến thứ 7. Làm việc tại: Văn phòng: 426 Luỹ Bán Bích, P Hoà Thạnh, Quận Tân Phú, TP HCM;/img/vieclam24h_logo_customer.jpg
Nữ Kế Toán Nội Bộ Không Yêu Cầu Kinh Nghiệm;7 - 10 triệu;07/03/2024;-      Theo dõi và cập nhật thông tin khách hàng, tiếp nhận và xử lý đơn hàng -      Theo dõi, báo cáo và thu hồi công nợ -      Theo dõi các chứng từ nội bộ thu, chi, nhập, xuất. -       Báo giá khách hàng, làm hợp đồng. -       Thực hiện các công việc khác liên quan theo sự chỉ đạo của cấp trên;https://cdn1.vieclam24h.vn/images/old_employer_avatar/images/dfa7db272500aea7b1b748435d60989e_6114367_vieclam24h_1600055619.jpeg
Nhân Viên Kế Toán Thuế (Không Yêu Cầu Kinh Nghiệm);9 - 11 triệu;07/03/2024;- Thực hiện kiểm soát hợp đồng, hóa đơn mua vào, bán ra và ghi sổ kế toán, lập các báo cáo thuế theo định kỳ. - Thực hiện các công việc khác theo sự phân công của trưởng bộ phận;https://cdn1.vieclam24h.vn/tvn/asset/home/img/employer/5da17eeec67cb_1570864878.jpg
Kế Toán Bán Hàng;8 - 12 triệu;08/03/2024;-Soạn thảo chứng từ liên quan đến bán hàng. -Phụ trách công nợ. -Theo dõi tiến trình bán hàng hoá và dịch vụ. -Làm việc tại: 17-19 Đường 37, Khu Đô Thị Vạn Phúc, P Hiệp Bình Phước, Quận Thủ Đức, TP Hồ Chí Minh.;https://cdn1.vieclam24h.vn/images/old_employer_avatar/images/0281e627fd6d756b7c7ad98545335d83_6232555_vieclam24h_1604038641.jpeg
Nhân Viên Kế Toán Tổng Hợp;13 - 17 triệu;05/03/2024;"Chịu trách nhiệm các công việc về kế toán, tài chính của Công ty bao gồm: Hạch toán và kiểm tra các nghiệp vụ phát sinh trong kỳ (doanh thu, chi phí, lương, khấu hao tài sản, ...) Đảm bảo sổ sách kế toán ghi nhận chính xác, phù hợp với chuẩn mực kế toán Việt Nam Tính toán và báo cáo giá sản xuất/ sản phẩm; thống kê thông tin về nguyên vật liệu, phụ liệu, chi phí vận chuyển, sản xuất dở dang Kiểm tra tình trạng xuất nhập tồn của hàng hoá, nguyên nhiên vật liệu Theo dõi các khoản tạm ứng, hoàn ứng, công nợ, các chứng từ kế toán nội bộ Thực hiện các báo cáo thuế, báo cáo tài chính định kì, tổng hợp và lập báo cáo về tình hình, hiệu quả tài chính, báo cáo gửi nhà đầu tư Hỗ trợ quản lý ngân sách Lưu trữ và bảo quản hồ sơ, chứng từ kế toán theo quy định của công ty Theo dõi chấm công, tính lương, BHXH cho nhân viên Các thủ tục hành chính khác. Các công việc khác theo sự phân công của cấp trên.";https://cdn1.vieclam24h.vn/upload/files_cua_nguoi_dung/logo/2014/05/12/1399870483_logo.png
Nhân Viên Thủ Kho;7 - 10 triệu;01/03/2024;"-Quản lý kho (thành phẩm, nguyên liệu). -Hướng dẫn và yêu cầu công nhân sắp xếp, bố trí nhà kho và hệ thống kho -Các nhân sự làm việc trong kho tuân thủ thực hiện về bảo hộ lao động theo yêu cầu; không đeo đồ trang sức hoặc đồ tương tự, không ăn, đồ uống, hút thuốc… tại trong kho. -Giám sát việc vệ sinh máy móc, thiết bị, công cụ, bóng đèn, rèm chắn côn trùng có tại kho. - Nhập nguyên liệu, vật tư, thiết bị, máy móc, phụ gia vào kho trên cơ sở đánh giá của các QC đã được phân công. - Kiểm tra các chứng từ yêu cầu xuất nguyên vật liệu phù hợp và xuất nguyên vật liệu cho bộ phận sản xuất theo đúng yêu cầu được phê duyệt.";https://cdn1.vieclam24h.vn/upload/files_cua_nguoi_dung/logo/2019/03/14/1552532213_untitled.png
Chuyên Viên Kế Toán Dịch Vụ - Không Yêu Cầu Kinh Nghiệm;7 - 10 triệu;28/02/2024;- Liên hệ khách hàng nhận chứng từ. - Làm sổ kế toán hàng tháng và đối chiếu với khách hàng. - Khai báo thuế hàng quý. - Khai báo quyết toán thuế năm và lập báo cáo tài chính năm. - Làm việc với cơ quan thuế khi có yêu cầu. - Báo cáo kết quả kinh doanh cho khách hàng. - Gặp gỡ khách hàng để giải trình, thu phí và hỗ trợ ...;https://cdn1.vieclam24h.vn/images/employer_avatar/2023/08/14/z4601734162757_788c5fcef140279764ed3e78fb1f117d_169198270461.jpg
Kế Toán Tổng Hợp (Thu Nhập 10 -12 Triệu);10 - 12 triệu;02/03/2024;- Hàng ngày Tổng hợp các nghiệp vụ kế toán, lên sổ sách kế toán bằng EXCEL và từ phần mềm MISA - Làm báo cáo thuế hàng tháng - Làm báo cáo tài chính năm. - Báo cáo kết quả Kinh doanh nội bộ hàng tháng - In sổ sách, lưu trữ chứng từ hàng tháng: ngăn nắp, gọn gàng, khoa học;https://cdn1.vieclam24h.vn/images/old_employer_avatar/images/eeb2ea1214ec95fcd7874f83c0de58b1_3045952_vieclam24h_1591150839.png
Kế Toán Trưởng;18 - 25 triệu;27/02/2024;Công việc liên quan đến phần hành kế toán: - Lên các kế hoạch công việc chi tiết và tổ chức thực hiện các nhiệm vụ của bộ phận kế toán. - Tổ chức soạn thảo và đề xuất ban hành các quy chế quản lý tài chính, quản lý chi tiêu nội bộ. - Xây dựng các quy trình, biểu mẫu chuyên môn nghiệp vụ, quy trình hạch toán kế toán, thanh quyết toán... - Quản lý hệ thống kế toán, sổ sách kế toán, hóa đơn, chứng từ theo đúng quy định của pháp luật. - Xây dựng hệ thống thông tin kế toán và báo cáo kế toán quản trị phục vụ cho việc lập kế hoạch kinh doanh, lập ngân sách hàng năm và các yêu cầu quản trị khác. - Tổng hợp thông tin, số liệu và lập báo cáo tình hình thực hiện kế hoạch tài chính trình Ban lãnh đạo Công ty, tham mưu các biện pháp tối ưu hóa hiệu quả sử dụng vốn, cân đối nguồn vốn phù hợp với yêu cầu sản xuất kinh doanh. - Lập tờ khai thuế GTGT, thuế TNCN, thuế TNDN, báo cáo tài chính theo qui định của Luật thuế. - Đánh giá, nghiên cứu và đề xuất các chiến lược, giải pháp về thuế tối ưu cho Công ty. - Cung cấp hồ sơ và làm việc với Ngân hàng về các hồ sơ bảo lãnh, đấu thầu, tín dụng của công ty. - Cung cấp hồ sơ, số liệu và giải trình cho cơ quan thuế, kiểm toán, thanh tra kiểm tra theo yêu cầu. - Quản lý, kiểm soát để đảm bảo yêu cầu về bảo mật thông tin kinh tế – tài chính của Công ty.;https://cdn1.vieclam24h.vn/tvn/asset/home/img/employer/5d0ca9d858ea9_1561111000.jpg
Nhân Viên Kế Toán Nội Thất;8 - 12 triệu;04/03/2024;Làm bảo hiểm xã hội và tất cả các chế độ liên quan đến BHXH cho nhân viên Làm HĐLĐ cho nhân viên mới hoặc các nhân viên mỗi năm ký gia hạn In các phiếu đặt hàng, làm hợp đồng theo file báo giá quản lý cửa hàng gửi Có phần mềm công nghệ để gửi giấy tờ Grap về cũng như thư từ về xưởng, gửi cho đối tác và khách hàng Quản lý công nợ, làm báo cáo hàng tuần và cuối tháng Quản lý về những công việc liên quan đến Công Đoàn Phụ quản lý và lau chùi sản phẩm chung với các nhân viên khác ( 1 tuần 2 lần vào T2 và T5). Thực hiện các công việc khác được Ban lãnh đạo giao Công việc trao đổi cụ thể trong phỏng vấn. Giờ làm việc T2-T7 (8h30 - 18h00);https://cdn1.vieclam24h.vn/images/old_employer_avatar/images/29f65089d2423e0d08330b5264feda12_1533534406_logo_thanh_nam.png
Kế Toán Trưởng;16 - 20 triệu;06/03/2024;- Chịu trách nhiệm về hoạt động của Phòng kế toán, - Phân công, hướng dẫn, đào tạo, kiểm soát và kiểm tra công việc cấp dưới. Định kỳ đánh giá kết quả KPI của cấp dưới, - Xây dựng các quy định, quy trình về quản lý tài chính, hạch toán chi phí, kiểm kê tài sản của Công ty… Tham mưu cho BGĐ xây dựng và kiện toàn hệ thống quản lý tài chính – kế toán phù hợp với các quy định của pháp luật và tình hình thực tế của Công ty - Kiểm soát các tài khoản của Công ty và thực hiện lập BCTC theo quy định, - Chỉ đạo việc thực hiện Báo cáo thuế theo quy định, - Lập báo cáo KQKD, báo cáo quản trị theo định kỳ, - Tổ chức bảo quản, lưu trữ các tài liệu kế toán, - Kiểm tra, soát xét các khoản thu/chi theo quy định nội bộ. - Rà soát, đối chiếu các khoản phải thu/ phải trả. Đốc thúc thu hồi công nợ phải thu, theo dõi các khoản nộp NSNN… - Lập kế hoạch tài chính phù hợp với chiến lược, kế hoạch hoạt động kinh doanh của Công ty, - Thiết lập quan hệ với các cơ quan liên quan như thuế, bảo hiểm, ngân hàng…;https://cdn1.vieclam24h.vn/images/old_employer_avatar/images/600f8027432bd366ad37ce97b6275383_3480455_vieclam24h_1597808442.jpeg
Quản Lý Kế Toán Thuế;25 - 30 triệu;29/02/2024;1.Thực hiện các công việc thường xuyên sau đây cho khách hàng như là một chuyên viên cấp cao: -Ghi sổ kế toán. (Hơn 90% Khách hàng là Doanh nghiệp FDI) -Lập và gửi các tờ khai thuế hàng tháng / quý / năm (VAT, TNCN, TNDN, FCT, GDLK…) và các văn bản thuế khác cho cơ quan thuế. -Lập báo cáo quyết toán thuế, hồ sơ hoàn thuế GTGT khi có yêu cầu. -Lập báo cáo tài chính và báo cáo quản trị chính xác và kịp thời theo quy định hoặc nếu được yêu cầu. -Làm việc với cơ quan thuế khi được yêu cầu giải trình hay quyết toán thuế. -Hỗ trợ KTV Xem xét bảng tính lương hàng tháng bao gồm các tính toán về Thuế thu nhập cá nhân (TNCN). -Xác định các vấn đề / rủi ro quan trọng đối với khách hàng từ các công việc hàng ngày. Đề xuất giải pháp hoặc kịp thời nêu vấn đề lên cấp trên (quản lý). -Duy trì giao tiếp hàng ngày với khách hàng. Trả lời các câu hỏi và / hoặc tư vấn cho khách hàng về thuế và kế toán. -Các công vệc liên quan khác theo sự phân công của Công ty (nếu có). -Làm việc với kiểm toán viên độc lập trong quá trình kiểm toán (nếu có). 2. Thực hiện công việc của quản lý: -Set up hệ thống quản lý đội nhóm kế toán thuế và phân chia công việc theo doanh số hợp lý cho Kế toán viên cấp dưới. -Hướng dẫn chuyên viên thực hành công việc theo bộ quy trình. -Trực tiếp xử lý các tình huống cần thiết, các điểm mà chuyên viên chưa rõ. -Hướng dẫn và hỗ trợ xử lý các trường hợp khó. -Giám sát đảm bảo chuyên viên thực hiện đúng tiến độ, quy trình công việc, tổng hợp báo cáo của từng nhân viên để cho ra đánh giá KPI cuối kỳ và báo cáo với cấp trên.;https://cdn1.vieclam24h.vn/images/employer_avatar/2024/03/04/logo thông minh ht_170952531779.jpg
Nhân Viên Kế Toán;7 - 12 triệu;03/03/2024;"Thực hiện công việc liên quan đến nghiệp vụ kế toán Kiểm tra số liệu chi tiết và tổng hợp Lưu trữ chứng từ kế toán theo quy định Thời gian làm việc: + Thứ hai – Thứ 7; 7h30 – 12h00; 13h00 - 17h30 + Chủ Nhật, Tết và Giáng Sinh (24-25/12) nghỉ.";https://cdn1.vieclam24h.vn/tvn/images/old_employer_avatar/images/296c76b049d8d3a5d433082de97f4cb1_5eb457aa87a65_1588877226.jpeg
Kế Toán Nội Bộ (Đi Làm Ngay);8 - 12 triệu;03/03/2024;Mô tả công việc • Thực hiện báo cáo tài chính, báo cáo phân tích tài chính và một số báo cáo khác • Tư vấn thuế • Xử lý hợp đồng • Chịu trách nhiệm về quản lý, sử dụng, lưu trữ tài liệu, chứng từ, sổ sách kế toán. • Theo dõi chấm công, tính lương nhân viên. • Theo dõi, tổng hợp, cập nhật số liệu các khoản phải thu, chi. • Theo dõi, đối chiếu công nợ. • Thực hiện công việc tăng giảm BHXH cho nhân viên tại công ty khi có phát sinh. • Định kỳ hàng tuần, tháng, quý hoặc đột xuất lập báo cáo và báo cáo lên cấp trên theo yêu cầu. • Thực hiện các công việc khác theo yêu cầu của cấp trên.;/img/vieclam24h_logo_customer.jpg
Kế Toán Công Nợ;10 - 15 triệu;27/02/2024;- Quản lý và theo dõi chặt chẽ công nợ phải thu của công ty sau khi ký hợp đồng, đọc kỹ các điều khoản hợp đồng, nẵm rõ các đợt thanh toán - Nắm bắt cụ thể tình hình tồn đọng của từng công trình, đảm bảo quản lý công việc hiệu quả. Phải nhiệt tình thúc đẩy các bên (nội bộ) để hoàn thành nốt các công việc tồn đọng - Gọi điện và thực hiện các cuộc gặp với khách hàng (nếu cần) để thúc đẩy quá trình thu tiền, đồng thời vẫn phải duy trì được mối quan hệ tốt đẹp với khách hàng.;https://cdn1.vieclam24h.vn/tvn/images/old_employer_avatar/images/ce08b58cc59d3ad21256265e2b5c6332_5e61f0bab4ed2_1583476922.jpeg
Kế Toán Công Nợ;10 - 15 triệu;08/03/2024;· Tổng hợp, theo dõi liên hệ thu hồi công nợ khách hàng · Phối hợp các phòng ban trong công tác thu hồi công nợ tồn đọng · Hạch toán các nghiệp vụ liên quan doanh thu, công nợ và các nghiệp vụ kế toán phát sinh liên quan khác · Phối hợp phòng Hồ sơ kiểm tra hồ sơ thanh quyết thanh toán với khách hàng · Phát hành hóa đơn điện tử · Một số công việc phối hợp và hỗ trợ khác đối với các phòng ban · Công việc khác phát sinh có sự chỉ đạo của trưởng phòng, Ban lãnh đạo. · Tham gia họp giao ban, họp tồn đọng dự án liên quan công nợ thanh toán khách hàng hàng tuần Thời gian làm việc: - Từ thứ 2 đến thứ 6: từ 8h – 17h30 (nghỉ trưa từ 12h – 13h30) - Thứ 7: từ 8h – 12h00.;https://cdn1.vieclam24h.vn/images/employer_avatar/2024/03/08/63ae87a549d6e588bcc7_170986615737.jpg
Kế Toán Tổng Hợp;12 - 17 triệu;05/03/2024;- Tập hợp chi phí tính giá thành sản phẩm, đơn hàng. - Theo dõi, phối hợp thực hiện các hợp đồng bán hàng/ mua hàng. - Theo dõi quản lý các tài khoản ngân hàng, thực hiện giao dịch với ngân hàng. - Theo dõi kiểm tra, kiểm soát các khoản thanh toán trước khi thực hiện. - Lập hồ sơ kê khai thuế hàng tháng, báo cáo tài chính theo quy định, hồ sơ quyết toán thuế năm, báo cáo tài chính năm theo quy định hiện hành. - Theo dõi và giám sát các hoạt động kế toán hàng ngày tại công ty: Tập hợp các đơn đặt hàng, tập hợp các khoản chi phí, cập nhật dữ liệu vào phần mềm kế toán. - Kiểm tra, đối chiếu số liệu, sổ sách thu – chi. Quản lý hệ thống chứng từ, sổ sách theo quy định, hạch toán chi tiết từng tài khoản. - Thực hiện các công việc khác theo sự phân công của Kế toán Trưởng.;https://cdn1.vieclam24h.vn/images/employer_avatar/2024/02/26/z5194350242189_257e21cbf9225ed660fc96224010634e_170893802926.jpg
Kế Toán Tổng Hợp (Hà Nội);9 - 14 triệu;08/03/2024;- Lập các BCTC, BC quản trị, BC thống kê, BC thuế,…. định kỳ và làm việc với cơ quan chức năng. - Làm hồ sơ thanh tra quyết toán sổ sách kế toán với cơ quan thuế, thanh tra cục thuế. - Hạch toán thu nhập, chi phí, khấu hao, thuế GTGT và báo cáo thuế, lập quyết toán. - Kiểm tra, rà soát số liệu của Công ty. - Phân tích số liệu cung cấp cho Ban Giám Đốc để định hướng hiệu quả hơn. *Thời gian và địa điểm làm việc: - Thời gian làm việc: 8h – 12h & 13h- 17h, từ thứ 2 đến thứ 7 - Địa chỉ: Số 249 Khuất Duy Tiến - Quận Thanh Xuân - Hà Nội;https://cdn1.vieclam24h.vn/tvn/asset/home/img/employer/5b8e2d945ee57_1536044436.png
Kế Toán Tổng Hợp - Thuế;10 - 12 triệu;08/03/2024;- Lập hồ sơ thanh toán của các đơn hàng. - Kiểm tra, hạch toán các định khoản nghiệp vụ phát sinh. - Kiểm tra sự cân đối giữa số liệu kế toán chi tiết và tổng hợp - Kiểm tra số dư cuối kỳ có hợp lý và khớp đúng với các báo cáo chi tiết. - Hạch toán thu nhập, chi phí, khấu hao, TSCĐ, công nợ, nghiệp vụ khác, thuế GTGT, thuế TNCN, thuế TNDN. - Theo dõi công nợ phải thu, phải trả, tạm ứng, các vấn đề phát sinh liên quan đến công nợ lương, bảo hiểm. - In sổ chi tiết và tổng hợp khối văn phòng, tổng hợp theo công ty theo quy định - Lập báo cáo thuế, báo cáo quản trị của công ty theo từng quý, năm và các báo cáo giải trình chi tiết. - Tham gia phối hợp công tác kiểm tra thanh tra quyết toán, kiểm kê tại các đơn vị cơ sở khi được phân công.;https://cdn1.vieclam24h.vn/upload/files_cua_nguoi_dung/logo/2020/05/12/3757187_vieclam24h_1589251714.png
Nhân Viên Kế Toán Tổng Hợp - Long Biên Hà Nội (Đi Làm Ngay);10 - 15 triệu;16/02/2024;- Trực tiếp thực hiện các phần hành kế toán: hạch toán các bút toán định kỳ, phiếu kế toán tổng hợp, bút toán phân bổ, kết chuyển… - Kiểm tra, đối chiếu số liệu giữa các đơn vị nội bộ, giữa chi tiết và tổng hợp. - Quản lý tổng quát công nợ của toàn công ty thông qua kế toán công nợ. - Lập báo cáo tài chính các báo cáo giải trình chi tiết. - Hướng dẫn xử lý và hạch toán các nghiệp vụ kinh tế kế toán. - Kiểm tra và giám sát việc luân chuyển hàng hóa tồn kho, thời gian tồn kho tại từng kho thông qua Kế toán kho - Tham gia phối hợp công tác kiểm tra, kiểm kê TSCĐ - Giải trình số liệu và cung cấp hồ sơ, số liệu cho cơ quan thuế, kiểm toán, thanh tra theo yêu cầu. - Lập tờ khai thuế tháng/quý - Báo cáo quyết toán thuế cuối năm.;https://cdn1.vieclam24h.vn/images/employer_avatar/2024/02/27/Logo Búa Thủy Lực Tùng Linh_170900214876.jpg
Kế Toán Tổng Hợp (Kim Kế Toán Trưởng);15 - 20 triệu;07/03/2024;- Chịu trách nhiệm và kiểm soát về hoạt động Tài chính Kế toán của Công ty - Quản lý toàn bộ hoạt động chuyên môn của Phòng kế toán - Thiết lập hệ thống báo cáo tài chính, báo cáo quản trị. - Quyết toán thuế, lập báo cáo thuế, báo cáo tài chính định kỳ theo quy định và các báo cáo giải trình chi tiết - Kiểm tra đối chiếu số liệu giữa các đơn vị nội bộ, dữ liệu chi tiết và tổng hợp. - Kiểm tra các định khoản các nghiệp vụ phát sinh - Kiểm tra sự cân đối giữa số liệu kế toán chi tiết và tổng hợp - Hạch toán thu nhập, chi phí, khấu hao,TSCĐ,công nợ, nghiệp vụ khác, thuế GTGT và báo cáo thuế khối văn phòng CT, lập quyết toán văn phòng cty. - Theo dõi công nợ khối văn phòng công ty, quản lý tổng quát công nợ toàn công ty. - Lập báo cáo tài chính theo từng quí, 6 tháng, năm và các báo cáo giải trình chi tiết. - Tham mưu cho Ban Giám đốc về hệ thống Quản lý Tài chính hiệu quả.;https://cdn1.vieclam24h.vn/company-logo-medium/122018/1581dd4b482ff9a974d5d993a0e4bda0.png
Kế Toán Trưởng;25 - 35 triệu;07/03/2024;- Tham mưu cho BGĐ, xây dựng và kiểm toán hệ thống Quản lý Tài chính - Kế toán phù hợp với các quy định của Pháp luật và đặc tính kinh doanh của Công ty - Chịu trách nhiệm về tính minh bạch, chuẩn xác của số liệu kế toán - Tổ chức triển khai và chỉ đạo, kiểm tra việc sử dụng, quản lý chi phí, tài sản, nguồn vốn Công ty - Tổ chức thực hiện quy trình, nghiệp vụ kế toán đáp ứng cho công tác kiểm toán hàng năm - Dự báo các nhu cầu tài chính để thiết lập nguồn vốn đáp ứng tốt cho nhu cầu cân đối tài chính phục vụ cho hoạt động kinh doanh của Công ty - Xây dựng sổ sách, chứng từ thu chi đúng chuẩn mực kế toán - Lập các báo cáo tài chính, báo cáo kết quả hoạt động kinh doanh,... cho Ban Giám đốc - Chịu trách nhiệm trước Pháp luật và Công ty về việc tổ chức thực hiện thu thập, ghi chép tổng hợp và hạch toán kế toán đối với toàn bộ hoạt động đầu tư kinh doanh của Công ty theo đúng quy định và chế độ tài chính, đảm bảo tính chính xác, trung thực kịp thời - Phối hợp các phòng ban tham mưu giúp lãnh đão Công ty quản lý, phân tích tài chính - Quyền hạn: + Quyền tham mưu : Đề xuất về nhân sự, về trang thiết bị phục vụ cho công việc, kế hoạch phát triển và đào tạo nhân sự, tham mưu các vấn đề khác thuộc chuyên môn cho CEO + Quyền chức năng : Được quyền tổ chức, phân công phân nhiệm, ủy thác công việc cho các nhân sự.;/img/vieclam24h_logo_customer.jpg
Nhân Viên Kế Toán;8 - 13 triệu;07/03/2024;Tổng hợp các hóa đơn chứng từ mua vào, lưu trữ chứng từ sổ sách. Theo dõi vận chuyển và soạn hợp đồng bán hàng Xuất kho trên phần mềm Misa Hỗ trợ và xử lý các vấn đề kế toán phát sinh với Kế toán Trưởng. Chi tiết công việc trao đổi trực tiếp khi phỏng vấn. Địa chỉ phỏng vấn và làm việc: 196/1/15 Cộng Hòa, Phường 12, Quận Tân Bình, Tp.HCM;https://cdn1.vieclam24h.vn/tvn/images/old_employer_avatar/images/4d969f43b95e48253370f417186fdc92_5f56e9cad697f_1599531466.png
Nhân Viên Kế Toán Tổng Hợp;13 - 15 triệu;07/03/2024;Kiểm tra chứng từ hợp lý, hợp lệ và hạch toán nghiệp vụ phát sinh. Kiểm tra đối chiếu số liệu giữa các đơn vị nội bộ, dữ liệu chi tiết, tổng hợp Kiểm tra số dư cuối kỳ có hợp lý và khớp đúng với các báo cáo chi tiết Tập hợp và cập nhật đầy đủ chứng từ Lập báo cáo tài chính, báo cáo nội bộ theo quy định. Thực hiện các nghiệp vụ thu - chi, tạm ứng, thanh toán. Thực hiện các báo cáo, thống kê có liên quan theo yêu cầu công việc. Quản lý chứng từ, sổ sách theo quy định. Lập báo cáo kế toán tài chính và kế toán quản trị Tổ chức lập kế hoạch ngân sách và hoạch định nguồn vốn Kiểm soát dòng tiền Quản lý hiệu quả dòng vốn In sổ sách kế toán Lưu trữ chứng từ theo quy định Thực hiện công việc khác theo chỉ thị của Giám đốc;https://cdn1.vieclam24h.vn/images/employer_avatar/2024/03/02/3f1951c9ce6963373a78_170934733297.jpg
Nhân Viên Kế Toán Tổng Hợp;12 - 15 triệu;07/03/2024;- Theo dõi sổ sách, số liệu sổ sách hằng ngày - Phụ trách các công việc liên quan đến ngân hàng. - Theo dõi việc xuất/nhập các hóa đơn, chứng từ - Thực hiện báo cáo ngày, tháng, quý, báo cáo nội bộ khi được BGĐ yêu cầu - Trao đổi cụ thể thêm khi phỏng vấn;https://cdn1.vieclam24h.vn/tvn/images/employer_avatar/2021/01/21/images/161122248181.png
Nhân Viên Kế Toán Thuế;12 - 14 triệu;06/03/2024;• Tiếp nhận, kiểm tra, soát xét tính chính xác hợp phát của hóa đơn, chứng từ và tổng hợp lưu trữ giấy tờ • Thực hiện các công việc của vị trí kế toán Thuế: • Hạch toán chứng từ trên phần mềm • Kê khai thuế định kì. • Hoàn thiện, lưu trữ chứng từ, sổ sách theo quy định. • Lập báo cáo tài chính, quyết toán thuế TNCN • Phối hợp với kế toán tổng hợp để đối chiếu các số liệu kế toán thuế • Đánh giá và nghiên cứu các vấn đề về thuế để tham mưu, đề xuất với Trưởng phòng Kế toán, Ban Giám đốc • Trực tiếp làm việc với cơ quan thuế khi có vấn đề phát sinh • Làm việc theo sự phân công của trưởng bộ phận;https://cdn1.vieclam24h.vn/tvn/images/old_employer_avatar/images/cfe966e27a720d9fbd7031fb47d19176_589e6e7555e87_1486777973.png
Kế Toán Tổng Hợp -Thuế (Thu Nhập Lên Tới 20 Triệu);15 - 20 triệu;06/03/2024;"- Thu thập, xử lý các số liệu kế toán liên quan đến các hoạt động kinh tế phát sinh như: hoá đơn, phiếu thu, chi, v.v. - Kiểm tra hợp lệ hợp pháp của các chứng từ kế toán liên quan đến các nghiệp vụ kinh tế phát sinh và tiến hành ghi chép vào các sổ sách liên quan. - Trực tiếp thực hiện các phần hành kế toán: hạch toán các bút toán định kỳ, phiếu kế toán tổng hợp, bút toán phân bổ, kết chuyển… - Kiểm tra các định khoản nghiệp vụ phát sinh. Kiểm tra sự cân đối giữa số liệu kế toán chi tiết và tổng hợp, giữa các sổ chi tiết với báo cáo thuế . - Lập báo cáo thuế GTGT, thuế TNCN, thuế TNDN khi có phát sinh. - Lập báo cáo tài chính hàng tháng, hàng quý, 6 tháng, hàng năm; Tổng hợp doanh thu, chi phí, xác định lãi - lỗ và các giải trình chi tiết báo cáo ban giám đốc. - Theo dõi tình hình nộp ngân sách, tồn đọng ngân sách, hoàn thuế (nếu có) của Công ty - Cập nhật các chế độ chính sách mới về thuế, bảo hiểm, các vấn đề khác liên quan đến chuyên ngành hoạt động kinh doanh của Công ty, tham mưu cho Ban giám đốc công ty. - Tham gia phối hợp công tác kiểm tra, kiểm kê tại của công ty - Chuẩn bị và cung cấp hồ sơ cho cơ quan thuế, thanh tra theo yêu cầu, tham gia quyết toán thuế ở kỳ quyết toán - Phân tích số liệu và đưa ra những ý kiến đề xuất, đóng góp, tư vấn cho Ban giám đốc công ty. - Tham gia quản lý các công việc của phòng kế toán (Về công nợ, xuất hóa đơn, hợp đồng,...), sổ sách kế toán Thời gian làm việc : T2-T6: 8:00-12:00 & 13:00-17:00 / nghỉ trưa, ăn ca 1 tiếng T7 : 8:00 -12:00 Địa điểm làm việc: Ngõ 124 phố Vĩnh Tuy, Quận Hai Bà Trưng, Thành phố Hà Nội";https://cdn1.vieclam24h.vn/images/old_employer_avatar/images/32b5899c32892ec797895c76bc8e668d_1530676569_logo.jpeg
Nhân Viên Kế Toán Nội Bộ;7 - 12 triệu;06/03/2024;+ Nhập xuất hóa đơn hàng ngày + Báo cáo doanh số hàng ngày + Theo dõi công nợ và báo cáo công nợ +Theo dõi nhập hàng hóa trên pm +Báo cáo định lượng tồn theo tuần, tháng + Báo mặt hàng cần nhập + Nếu có chênh lệch cần báo cáo và tìm nguyên nhân. + Kiểm kê và báo cáo xuất nhập tồn của 1 tháng - Địa điểm làm việc: Cơ sở 1: Lương Thế Vinh, Quận Thanh Xuân, TP. Hà Nội Cơ sở 2: Phố Vọng, phương liệt, Quận Thanh Xuân, TP.Hà Nội Cơ sở 3:Nguyễn Tri Phương, Phường 9, Quận 10, TPHCM - Làm từ thứ 2- thứ 7, sáng 8h30 -12h. Chiều 13h30 -18h30;https://cdn1.vieclam24h.vn/images/employer_avatar/2023/04/19/f2953e983edbe185b8ca_168189158799.jpg
Nhân Viên Kế Toán Tổng Hợp;12 - 25 triệu;05/03/2024;- Lập báo cáo thuế, báo cáo nội bộ, của công ty theo yêu cầu của cấp trên - Triển khai quản lý sử dụng, quản lý chi phí, tài sản, nguồn vốn của công ty - Theo dõi lên công nợ nội bộ, khách hàng. - Theo dõi, thực hiện các thủ tục hải quan. - Giao dịch với ngân hàng, theo dõi việc vay nợ, trả nợ với các ngân hàng - Báo cáo, đối chiếu tài khoản hàng tháng - Trực tiếp làm việc với các cơ quan chức năng: Thuế, kiểm toán... - Hạch toán các nghiệp vụ phát sinh - Công việc khác theo yêu cầu của Giám đốc. - Làm việc tại Thuận Thành, Bắc Ninh;https://cdn1.vieclam24h.vn/images/employer_avatar/2024/03/05/logo_170962875556.jpg
Kế Toán Tổng Hợp - Tại Thủ Đức;12 - 15 triệu;05/03/2024;"- Lập các mẫu biểu kế toán theo đúng quy trình và đúng quy định của pháp luật; - Lên kế hoạch công việc chi tiết và thực hiện nhiệm vụ của phòng Tài chính Kế toán; - Nhập liệu, theo dõi và báo cáo sổ quỹ, thuế - Báo cáo thuế GTGT, TNCN, TNDN, báo cáo quản trị và BCTC cuối năm; - Theo dõi công nợ, dòng tiền phải thu, phải trả, tính lương và BHXH; - Làm hồ sơ vay, hồ sơ tín dụng, hồ sơ bảo lãnh với ngân hàng; - Làm việc với thuế, bảo hiểm, ngân hàng khi có công việc phát sinh; - Các công việc khác theo yêu cầu của lãnh đạo.";https://cdn1.vieclam24h.vn/images/employer_avatar/2023/11/21/secon'_170053315722.jpg
Kế Toán Tổng Hợp;12 - 18 triệu;04/03/2024;- Xử lý dữ liệu, số liệu kế toán, các chứng từ kế toán. - Kiểm soát chứng từ hạch toán, đảm bảo tính hợp pháp, đầy đủ, hợp lệ theo quy định. Kiểm tra đối chiếu thu chi của các đơn vị nội bộ. - Kiểm soát việc thực hiện thu hồi công nợ phải thu và thanh toán công nợ phải trả. - Kiểm soát chi phí theo quy định, tổng hợp phân tích chi phí, doanh thu của Công ty. - Hạch toán chi phí, khấu hao, công nợ, thuế và các nghiệp vụ khác. - Lập các tờ khai thuế giá trị gia tăng, thu nhập cá nhân, thu nhập doanh nghiệp, làm báo cáo về tình hình sử dụng hóa đơn và các loại thuế đi kèm. - Lập báo cáo tài chính định kỳ. - Chủ động quản lý, điều phối công việc trong quá trình làm việc cùng đồng nghiệp, đối tác. Nơi làm việc: ATOM Premium Auto Services: Lô 19B, số 3 – 5 Nguyễn Văn Linh, Long Biên, Hà Nội;https://cdn1.vieclam24h.vn/images/employer_avatar/2024/03/04/Thiết kế chưa có tên - 2024-03-04T150158_170953932386.png
Kế Toán Tổng Hợp;12 - 15 triệu;04/03/2024;- Theo dõi và quản lý công nợ - Hạch toán các nghiệp vụ kế toán, lập dự toán - Thống kê và tổng hợp số liệu kế toán khi có yêu cầu - Tập hợp, lưu trữ, bảo quản chứng từ, bảo mật số liệu kế toán - Chi tiết công việc sẽ được trao đổi cụ thể hơn trong buổi phỏng vấn;https://cdn1.vieclam24h.vn/images/employer_avatar/2024/03/04/z4878767224490_3fea7c495fb577a300ab65f35d90a275_169993457151_170952719636.jpg
Kế Toán Tổng Hợp;10 - 12 triệu;04/03/2024;"- Quản lý hệ thống kế toán, sổ sách kế toán, hóa đơn – chứng từ doanh nghiệp + Quản lý công nợ khách hàng, Công nợ NCC, Tính giá thành sản phẩm, tiền lương, nguyên vật liệu, tồn kho, thành phẩm. + Theo dõi hoạt động lưu trữ các loại sổ sách kế toán, hóa đơn – chứng từ gốc của doanh nghiệp theo đúng quy định. - Lập – trình bày báo cáo tài chính: Báo cáo bảng cân đối kế toán, Báo cáo tài chính, BC kết quả kinh doanh, Báo cáo dòng tiền, Báo cáo thuế + Xác định các nguồn tài chính nội bộ, giảm chi phí lãng phí cho doanh nghiệp. + Giải quyết các vấn đề tài chính; tham mưu cho lãnh đạo đảm bảo nguồn tài chính cho doanh nghiệp.";https://cdn1.vieclam24h.vn/images/employer_avatar/2024/03/01/z5204530773722_6c3e3d82729cacd7927ccc50c622bd6b_170926217220.jpg
Nhân Viên Kế Toán Nội Bộ Làm Việc Tại Đức Hòa, Long An;8 - 10 triệu;01/03/2024;- Các chứng từ kế toán liên quan - Kiểm tra và theo dõi, tổ chức, quản lý chi phí, doanh thu, các khoản nợ phải trả, phải thu của công ty - Phụ trách nhập, xuất hàng, theo dõi sổ sách kế toán - Hỗ trợ các bộ phận liên quan, phối hợp, hợp tác trong công việc nhằm đạt hiệu quả trong công việc. - Các công việc tài chính, kế toán khác theo yêu cầu của KTT hoặc ban giám đốc. - Theo dõi đơn hàng, thao tác trên phần mềm Misa để xuất hóa đơn gửi điện tử cho khách hàng LÀM VIỆC TẠI: E11, Đường HẢI SƠN TÂN ĐỨC, KCN HẢI SƠN, ẤP BÌNH ĐIỀN 2, XÁ ĐỨC HÒA HẠ, HUYỆN ĐỨC HÒA, TỈNH LONG AN (Gần khu vực Bình Chánh, Hóc Môn, Củ Chi);https://cdn1.vieclam24h.vn/images/employer_avatar/2023/02/15/images/167644801269.png
Kế Toán Nội Bộ;8 - 10 triệu;01/03/2024;"• Theo dõi và hạch toán các nghiệp vụ kinh tế phát sinh hàng ngày (mua hàng, bán hàng, ngân hàng, quỹ, TSCĐ, CCDC...) một cách hợp lý, hợp lệ, đầy đủ và kịp thời; • Lập các báo cáo nội bộ theo yêu cầu của cấp trên; • Kiểm tra, theo dõi công nợ phải thu, phải trả định kỳ; • Hỗ trợ các công việc liên quan đến chứng từ, hoá đơn, giao dịch tại ngân hàng của Công ty (séc, UNC...) và các công việc hành chính khác. • Thực hiện các công việc khác theo sự phân công của cấp trên; • Thời gian làm việc: 8h-12h, 13h00-17h00 - nghỉ chiều thứ 7 - CN";https://cdn1.vieclam24h.vn/images/default/2022/03/14/images/164722438448.png
Kế Toán Nội Bộ - Đi Làm Ngay;7 - 10 triệu;01/03/2024;- Giao dịch với khách hàng để đối chiếu công nợ. Tập hợp công nợ khách hàng và lập đề nghị TT công nợ để lãnh đạo duyệt -Hàng ngày hạch toán vào phần mềm kế toán nội bộ các chứng từ phát sinh của các ngân hàng và hóa đơn. -Giao dịch ngân hàng. -Thực hiện công việc của kế toán thanh toán: kiểm tra các hồ sơ đề nghị thanh toán trước khi chuyển cho lãnh đạo công ty duyệt đề nghị thanh toán tiến hành lập phiếu thu chi chuyển sang thủ quỹ chi tiền. -Hàng ngày cập nhật số liệu nguyên vật liệu vào kho báo cáo nhập xuất tồn. -Hỗ trợ bộ phận kinh doanh hoàn thiện hợp đồng, hồ sơ thanh toán với khách hàng. -Giao dịch với cơ quan thuế khi cần thiết.;https://cdn1.vieclam24h.vn/images/default/2022/11/14/images/166839462252.jpeg
Kế Toán Tổng Hợp - Lương Đến 16 Triệu (Đi Làm Ngay);13 - 16 triệu;01/03/2024;- Tiếp nhận, kiểm tra, soát xét tính hợp pháp của hoá đơn, chứng từ. - Cập nhật thông tin vào sổ sách kế toán, chứng từ ghi sổ theo chế độ kế toán. - Làm việc với các cơ quan thuế, bảo hiểm xã hội, ngân hàng. - Thực hiện báo cáo thuế, báo cáo tài chính, quyết toán thuế theo quy định hàng tháng, quý, năm và các báo cáo định kỳ khác. - Thực hiện các công việc kế toán nội bộ, kế toán XNK - Các công việc khác có liên quan theo sự phân công của Ban lãnh đạo công ty -Chi tiết công việc trao đổi qua buổi phỏng vấn.;https://cdn1.vieclam24h.vn/images/employer_avatar/2024/02/29/z5204023309774_dc8441e0cfc933173324f0ea0d917687_170919975295.jpg
Nhân Viên Kế Toán;7 - 12 triệu;29/02/2024;- Kiểm tra tất cả các khoản thu chi / tính hợp lệ của chứng từ - Xử lý các nghiệp vụ kế toán phát sinh trong doanh nghiệp - Quản lý hệ thống chứng từ, sổ sách theo quy định - Báo cáo tài chính theo yêu cầu Cấp trên, theo dõi vật tư công trình - Công việc chi tiết sẽ trao đổi tại buổi phỏng vấn.;https://cdn1.vieclam24h.vn/tvn/asset/home/img/employer/5e8d73f7b8316_1586328567.jpg
Nam Kế Toán Nội Bộ;8 - 10 triệu;29/02/2024;- Thực hiện kiểm tra và kê khai thuế theo định kỳ kê khai: Quý/năm - Làm việc với các cơ quan chức năng: Thuế, ngân hàng… - Hạch toán thu nhập, chi phí, công nợ, nghiệp vụ khác, thuế GTGT và báo cáo thuế khối văn phòng. - Thực hiện các nhiệm vụ khác liên quan đến hoạt động của phòng ban, công ty. - Thực hiện theo sự chỉ đạo của Kế Toán Trưởng.;https://cdn1.vieclam24h.vn/tvn/asset/home/img/employer/5eb1159019a4d_1588663696.png
Kế Toán Tổng Hợp;13 - 15 triệu;29/02/2024;"Kiểm tra đối chiếu công nợ Nhập kho lên Misa: chứng từ hóa đơn đầu vào Kiểm tra Bảng lương Kiểm tra Báo cáo Sales Kiểm tra số liệu Misa: sổ phụ ngân hàng; quỹ tiền mặt; công nợ Phân bổ khấu hao tài sản trên Misa Nhập Bảng lương lên Misa (cuối tháng) Báo cáo P&L, Thuế, Kiểm kho Kiểm tra Hợp đồng Nhân sự: BHXH, BHYT Báo cáo tài chính cuối năm Quyết toán thuế (trung bình 3 năm/lần) Báo cáo thuế, tính hình sử dụng Hóa đơn (theo từng quý) Các việc khác theo yêu cầu của BGĐ";/img/vieclam24h_logo_customer.jpg
Kế Toán Nội Bộ Kiêm Hành Chính Nhân Sự;10 - 15 triệu;28/02/2024;"- Thực hiện các công việc liên quan đến giao dịch tại ngân hàng của Công ty ( Rút séc, làm UNC trả khách hàng..). - Theo dõi các khoản thu, chi tại Văn phòng và hạch toán kế toán. - Thành thạo và thực hiện việc xuất hóa đơn đầu ra theo hồ sơ nghiệm thu của chủ đầu tư, theo dõi tổng hợp hóa đơn đầu vào hàng tháng, hàng quý. - Lập, theo dõi và hoàn thiện danh mục hợp đồng với Chủ đầu tư. - Lập hồ sơ theo dõi giải quyết chế độ BH cho CB,NV Công ty. - Theo dõi nhân sự, chấm công và tính lương hàng tháng cho CB, NV Công ty. - Theo dõi, quản lý và thực hiện công tác hành chính quản trị. - Lưu trữ hồ sơ công ty. - Lập hợp đồng, thương thảo hợp đồng. - Thực hiện các nhiệm vụ khác theo sự phân công của Trưởng phòng TC-KT và Ban Giám đốc công ty. -Thời gian làm việc: Từ thứ 2 đến thứ 7 hàng tuần. Sáng từ 7h30 – 11h30; chiều từ 13h00 đến 17h00 -Địa điểm làm việc: CÔNG TY TNHH XÂY DỰNG- THƯƠNG MẠI-DỊCH VỤ QUẢNG LỢI - số 71, Khu phố Hòa Long, Phường Lái Thiêu, TP Thuận An, Bình Dương";https://cdn1.vieclam24h.vn/tvn/images/default/2022/05/30/images/165388108743.png
Kế Toán Tổng Hợp - [Hóc Môn];12 - 18 triệu;28/02/2024;"- Thực hiện các công việc chuyên môn của kế toán tổng hợp bao gồm việc hệ thống sổ sách kế toán, các nghiệp vụ kinh tế phát sinh về doanh thu, chi phí, thanh toán, tài sản, lương và các khoản trích theo lương… - Thu thập, tổng hợp, xử lý, kiểm tra, ghi chép các nghiệp vụ kinh tế phát sinh trong doanh nghiệp, chịu trách nhiệm về số liệu chi tiết đến tổng hợp trên sổ kế toán. - Tập hợp chi phí, doanh thu theo từng dự án - Xuất hóa đơn, tổng hợp hóa đơn đầu ra, đầu vào - Theo dõi các khoản thu chi tiền mặt, tiền gửi ngân hang - Kiểm soát, thực hiện các nghiệp vụ kế toán đảm bảo tính đúng đắn của chứng từ kế toán - Cập nhật thông tin và làm việc với cơ quan thuế - Lập báo cáo tài chính định kỳ tháng, quý, năm; quyết toán thuế thu nhập doanh nghiệp, thu nhập cá nhân theo năm và theo yêu cầu. Thực hiện các báo cáo khác theo yêu cầu của cấp trên - Các ngày trong tuần từ thứ hai đến thứ bảy - Thời gian: T2-T6, sáng 8h00 – 12h00, chiều 13h30 – 17h30 T7, sáng 8h00 – 12h00";https://cdn1.vieclam24h.vn/images/default/2024/02/27/logo noi that_170903409898.jpg
Kế Toán Tổng Hợp;10 - 15 triệu;28/02/2024;- Thu nhận các số liệu của các kế toán khác để cập nhật và phản ánh lên báo cáo, chuyên giúp kế toán trưởng trong mọi công việc kiểm tra kế toán. - Có nhiệm vụ theo dõi chặt chẽ thu chi tiền mặt, tiền gửi trên cơ sở các chứng từ hợp lý, hợp lệ, hợp pháp. Theo dõi các tài khoản công nợ phải thu phải trả, thanh toán tiền lương và bảo hiểm - Thực hiện các giao dịch với ngân hàng. Thu nhận các chứng từ phát sinh cập nhập lên báo cáo thuế. - Theo dõi tình hình xuất nhập tồn kho vật liệu, đánh giá phân loại vật liệu, ccdc theo yêu cầu quản lý của Công ty. Tham gia kiểm kê tài sản cố định, định kỳ hay bất thường;https://cdn1.vieclam24h.vn/upload/files_cua_nguoi_dung/logo/2018/05/02/1525242691_images.jpg
Nhân Viên Kế Toán Tổng Hợp;10 - 14 triệu;27/02/2024;- Phát hành, kiểm tra, kiểm soát tính hợp lệ, hợp pháp, hạch toán, lưu trữ các chứng từ kế toán - Quản lý lưu trữ hóa đơn, chứng từ, sổ sách, bảo mật số liệu kế toán - Thực hiện các báo cáo định kỳ tháng, quý năm, báo cáo tài chính, quyết toán thuế TNDN, TNCN với cơ quan thuế, BHXH…. - Các công việc phát sinh khác theo yêu cầu từ Cấp trên - Trực tiếp làm việc với cơ quan thuế khi có yêu cầu - Kiểm soát mọi hoạt động có liên quan đến lĩnh vực kế toán. - Định kỳ thực hiện việc tính lương cho các nhóm đối tượng lao động công nhật dựa trên bảng chấm công. - Lập tờ khai cấp sổ bảo hiểm cho NLĐ, theo dõi việc giải quyết chính sách – chế độ cho NLĐ, chốt và trả sổ cho người lao động nghỉ việc. - Các công việc cụ thể khác trao đổi khi phỏng vấn Thời gian làm việc từ thứ 2 đến thứ 6;https://cdn1.vieclam24h.vn/company-logo-medium/052018/haZzDEYQBMt9eYjYl8J4tQROR0kg86vA0YOUsbOt.png
Nữ Kế Toán Trưởng, Kinh Nghiệm 3 Năm (Quận Tân Bình);20 - 25 triệu;27/02/2024;- Tổ chức, quản lý và điều hành phòng Kế toán - Thực hiện các báo cáo kế toán thuế và báo cáo nội bộ Hàng tháng - Chịu trách nhiệm kiểm soát tất cả các hoạt động liên quan lĩnh vực tài chính, kế toán của Công ty - Tham mưu cho Ban Giám đốc kịp thời về các chính sách kế Toán. - Đưa ra đề xuất, cải tiến những điểm bất hợp lý trong công việc. - Thực hiện các công việc khác theo yêu cầu của cấp trên. - Thời gian làm việc: từ Thứ 2 đến Thứ 7 (bắt đầu từ 7h30 đến 11h30 và 13h đến 17h) - Địa điểm làm việc: 127 Xuân Hồng, Phường 12, Quận Tân Bình, TP.HCM;https://cdn1.vieclam24h.vn/images/old_employer_avatar/images/3a2753bb6ef84aeb81e4c257ab7f81f6_1521777185_140541avata_copy.png
Nhân Viên Kế Toán Giá Thành;10 - 15 triệu;27/02/2024;- Lập Phiếu nhập - xuất kho, tập hợp chi phí tính giá thành - Hạch toán các khoản chi phí liên quan đến sản xuất - Chịu trách nhiệm với số liệu tồn kho sổ sách - Thực hiện kiểm soát đối chiếu số liệu tồn kho với số liệu của Thủ kho, Lập kế hoạch và tham gia kiểm kê, Lập báo cáo chênh lệch kho hàng tháng - Hạch toán điều chỉnh kho (nếu có) khi được BLĐ phê duyệt - Đóng sổ, lưu trữ chứng từ theo quy định phòng kế toán;https://cdn1.vieclam24h.vn/images/default/2020/11/19/images/img_vieclam24h_vn_160576735552.png
Kế Toán Tổng Hợp;10 - 15 triệu;26/02/2024;Kiểm tra đối chiếu tính chính xác của tất cả các chứng từ kế toán hàng ngày Hạch toán, xử lý các nghiệp vụ kế toán. Theo dõi, kiểm tra đối chiếu dữ liệu chi tiết và tổng hợp Theo dõi công nợ Lập báo cáo thuế hàng tháng, hàng quý, báo cáo năm Lưu trữ hồ sơ, dữ liệu kế toán theo qui định Lập các báo cáo quản trị Thực hiện các công việc khác theo sự phân công của cấp quản lý trực tiếp;https://cdn1.vieclam24h.vn/images/employer_avatar/2022/03/30/images/164862201353.jpeg
Kế Toán Tổng Hợp;10 - 12 triệu;26/02/2024;"-      Theo dõi, hạch toán đầy đủ, chính xác, kịp thời các nghiệp vụ kinh tế phát sinh lên phần mềm Amis kế toán. -      Hạch toán bán hàng, xuất hóa đơn và theo dõi công nợ khách hàng. Kết hợp phòng Kinh doanh hối thúc công nợ -      Quản lý việc mua hàng, nhập xuất hàng hóa vào kho; đối chiếu số liệu tồn kho trên hệ thống và thực tế. Tổng hợp chi phí hạng mục công trình, dự án và báo cáo. -      Theo dõi công nợ phải thu, phải trả. -      Tính lương, hoa hồng, BHXH, quyết toán tạm ứng cho công nhân viên. -      Thực hiện các thủ tục với Ngân hàng, Thuế, BHXH. -      Báo cáo tình hình thu chi, doanh thu, lợi nhuận hàng tháng. -      Theo dõi tiến độ thanh toán của khách hàng, đối chiếu và quyết toán chi phí với CĐT. -      Kê khai thuế, lập tờ khai thuế quý, báo cáo tài chính năm, các báo cáo quản trị khác khi có yêu cầu. -      Lưu trữ sổ sách, dữ liệu kế toán theo quy định. -      Thực hiện các công việc khác theo sự phân công của cấp trên.";https://cdn1.vieclam24h.vn/images/old_employer_avatar/images/ac757ccd887f49ec602877e3cbf068c5_5871573_vieclam24h_1583997276.jpeg
Nhân Viên Thiết Kế Đi 2D / 3D Làm Ngay;12 - 20 triệu;06/03/2024;-         Khảo sát thực tế, lên ý tưởng, lập phương án thiết kế sơ bộ. -         Concept mặt bằng 2D -         Triển khai concept 3D -         Lập bản vẽ chi tiết. -         Lập dự toán hạng mục. -         Lĩnh vực chính: ngoại thất, cảnh quan, đài phun nước, bể bơi… Địa điểm làm việc : 99A Đường 12, KP4, Phường Tam Bình, TP Thủ Đức, TP HCM, Việt Nam;https://cdn1.vieclam24h.vn/images/old_employer_avatar/images/ac757ccd887f49ec602877e3cbf068c5_5871573_vieclam24h_1583997276.jpeg
Nhân Viên Kế Toán - Làm Việc Quận 2;10 - 20 triệu;26/02/2024;- Theo dõi và quản lý công nợ, lập hóa đơn đầu ra & xử lý hóa đơn đầu vào - Theo dõi và quản lý phiếu thu – chi công ty - Kiểm tra, đối chiếu số liệu với các bộ phận liên quan - Thu thập chứng từ, đối chiếu, rà soát dữ liệu hàng ngày - Hạch toán các nghiệp vụ kế toán, báo cáo thuế, báo cáo quyết toán năm cho Cty và 1 số khách DVKT - Lập BCTC định kỳ theo yêu cầu của BGĐ, lập sổ sách kèm theo đúng luật và quy định của nhà nước - Thống kê và tổng hợp số liệu kế toán khi có yêu cầu - Các công việc BHXH, Hợp đồng lao động, tiền lương và các công việc liên quan - Lưu trữ hồ sơ khoa học, theo quy định. Các Công tác phát sinh khác theo sự phân công;https://cdn1.vieclam24h.vn/images/employer_avatar/2024/02/26/z5193344517858_4a11a6d7bd0eef047aa92d0f356f2229_170891813654.jpg
Nhân Viên Kế Toán - Không Yêu Cầu Kinh Nghiệm;7 - 10 triệu;26/02/2024;- Xuất hóa đơn điện tử - Thu, Chi Công Nợ. Lập kế hoạch theo dõi dòng tiền - Tập hợp chứng từ kế toán theo tháng nộp Quản Lý - Quản lý và sắp xếp hợp đồng, chứng từ khoa học, hợp lệ - Tính lương, Chấm Công - Các công việc khác do cấp trên giao phó.;https://cdn1.vieclam24h.vn/images/default/2021/03/22/images/img_vieclam24h_vn_161638685181.png
Kế Toán Tổng Hợp;10 - 15 triệu;24/02/2024;"·        Theo dõi xuất nhập hàng hàng ngày; ·        Chấm công và tính lương; ·        Quản lý bán hàng; ·        Giám sát sản xuất, Theo dõi nguyên liệu sử dụng trong sản xuất; ·        Kiểm kê hàng hóa, công dụng cụ định kỳ; ·        Kiểm tra chứng từ thanh toán; ·        Thực hiện các công việc khác khi được yêu cầu.";https://cdn1.vieclam24h.vn/tvn/images/employer_avatar/2021/07/13/images/162614397397.jpeg
Nhân Viên Kế Toán Tổng Hợp;8 - 10 triệu;24/02/2024;Hạch toán nghiệp vụ kế toán doanh nghiệp, kế toán thuế phát sinh hằng ngày lên phần mềm Quản lý sổ quỹ, ngân hàng Theo dõi, thanh toán công nợ nước ngoài và trong nước Chấm công, các công việc liên quan đến bảo hiểm, giao dịch ngân hàng Hạch toán thu nhập, chi phí, khấu hao, TCSĐ, thuế GTGT và BÁO CÁO THUẾ Sắp xếp, lưu trữ chứng từ, sổ sách;https://cdn1.vieclam24h.vn/images/default/2022/03/31/images/164872097637.png
Kế Toán Trưởng;15 - 20 triệu;24/02/2024;- Lên các kế hoạch công việc chi tiết và tổ chức thực hiện các nhiệm vụ của bộ phận kế toán. - Tổ chức soạn thảo và đề xuất ban hành các quy chế quản lý tài chính, quản lý chi tiêu nội bộ. - Xây dựng các quy trình, biểu mẫu chuyên môn nghiệp vụ, quy trình hạch toán kế toán, thanh quyết toán... - Quản lý hệ thống kế toán, sổ sách kế toán, hóa đơn, chứng từ theo đúng quy định của pháp luật. - Xây dựng hệ thống thông tin kế toán và báo cáo kế toán quản trị phục vụ cho việc lập kế hoạch kinh doanh, lập ngân sách hàng năm và các yêu cầu quản trị khác. - Tổng hợp thông tin, số liệu và lập báo cáo tình hình thực hiện kế hoạch tài chính trình Ban lãnh đạo Công ty, tham mưu các biện pháp tối ưu hóa hiệu quả sử dụng vốn, cân đối nguồn vốn phù hợp với yêu cầu sản xuất kinh doanh. - Lập tờ khai thuế GTGT, thuế TNCN, thuế TNDN, báo cáo tài chính theo qui định của Luật thuế. - Đánh giá, nghiên cứu và đề xuất các chiến lược, giải pháp về thuế tối ưu cho Công ty. - Cung cấp hồ sơ và làm việc với Ngân hàng về các hồ sơ bảo lãnh, đấu thầu, tín dụng của công ty. - Cung cấp hồ sơ, số liệu và giải trình cho cơ quan thuế, kiểm toán, thanh tra kiểm tra theo yêu cầu. - Quản lý, kiểm soát để đảm bảo yêu cầu về bảo mật thông tin kinh tế – tài chính của Công ty.;https://cdn1.vieclam24h.vn/images/employer_avatar/2023/10/20/138791-200x200_169779058912.jpg
Kế Toán Tổng Hợp (Nam);12 - 15 triệu;24/02/2024;- Hạch toán phần mềm kế toán - Báo cáo thuế theo quy định. - Tham mưu cho kế toán trưởng về chính sách thuế. - Có tham gia công tác tỉnh 1 tuần/ lần (đi về trogn ngày) - Thực hiện các công việc được giao;https://cdn1.vieclam24h.vn/tvn/images/employer_avatar/2021/05/04/images/162010492027.png
Kỹ Sư Công Trình (Nam);15 - 23 triệu;24/02/2024;- Bốc tách được tất cá khối lượng từ bản vẽ thi công. - Triển khai được bản vẽ biện pháp thi công. - Các công việc khác theo yêu cầu của quản lý. ***Làm việc tại Công trình fulltime;https://cdn1.vieclam24h.vn/tvn/images/employer_avatar/2021/05/04/images/162010492027.png
Kế Toán Dịch Vụ Làm Việc Ở Quận 1;12 - 20 triệu;21/02/2024;- Thực hiện và duy trì hệ thống thông tin kế toán. - Kiểm tra, báo cáo, quyết toán, các khoản chi phí, thuế của công ty. - Theo dõi công việc, đối chiếu công việc và báo cáo các khoản phải thu, phải trả. - Báo cáo thuế và các công việc liên quan đến thuế. - Tổ chức lưu giữ các chứng từ, hồ sơ, tài liệu liên quan. - Lập báo cáo tài chính và báo cáo với lãnh đạo định kỳ hoặc đột xuất. - Các công việc theo sự phân công của Ban giám đốc.;https://cdn1.vieclam24h.vn/images/employer_avatar/2023/07/17/z4522808759558_2b01b3b33e72bc0afbdeaa33b25f0a81_168956362669.jpg
Kế Toán Viên / Accountant;10 - 12 triệu;14/02/2024;- Prepare an estimate of the order to the Stock and make purchase requisition. Check the goods according to the transportation cycle. Inspect the goods when delivered and stored according to the specified standards - Supervise and arrange debt, costs, and procurement of account receivable - Deposit cash or cheque into the bank, - Store important documents such as Purchase requisition, invoice, receipt, Purchase order and bill - Coordinate with sales and product manager - Others as assigned by the supervisor. - Chuẩn bị ước tính đơn đặt hàng cho Kho và đưa ra yêu cầu mua hàng. - Kiểm tra hàng hóa theo chu kỳ vận chuyển. Kiểm tra hàng hóa khi giao nhận và bảo quản theo tiêu chuẩn quy định - Giám sát và thu xếp công nợ, chi phí và thu mua các khoản phải thu - Gửi tiền mặt hoặc séc vào ngân hàng, - Lưu trữ các tài liệu quan trọng như yêu cầu mua hàng, hóa đơn, biên lai, đơn đặt hàng và hóa đơn - Phối hợp với trưởng phòng kinh doanh và sản phẩm - Các công việc khác theo sự phân công của cấp trên.;https://cdn1.vieclam24h.vn/images/default/2023/04/04/logo only pp_168058430793.png
