Phó Tổng Giám Đốc Tài Chính;Thoả thuận;08/03/2024;1/ Tiến hành xem xét, đánh giá các hoạt động của doanh nghiệp trên phương diện Tài chính.. 2/ Hoạch định chiến lược tài chính theo định hướng của Doanh Nghiệp 3/ Tái cấu trúc lại nguồn vốn của Doanh nghiệp 4/ Quản trị nguồn Tài chính Doanh nghiệp 5/ Xây dựng kế hoạch Tài chính phù hợp cho kế hoạch đầu tư xây dựng các dự án của Doanh nghiệp;https://cdn1.vieclam24h.vn/images/employer_avatar/2023/06/09/z4416786118521_951870c4216e1a4cdd332a4741f24da0_168627650823.jpg
Nhân Viên Chăm Sóc Khách Hàng Lương 10-20 Triệu;8 - 30 triệu;05/03/2024;·         Tiếp nhận điên thoại khách hàng hỏi Tư vấn tài chính cá nhân & bảo hiểm. ·         Trực tiếp giải đáp các thắc mắc về sản phẩm đến khách hàng. ·         Gửi các email báo giá và chăm sóc khách hàng Công ty. ·         Thực hiện chăm sóc, phát triển khách hàng.;https://cdn1.vieclam24h.vn/tvn/images/old_employer_avatar/images/7972c3bdf859a73dcb06e988c6d18cf1_5f1a7ee4b718c_1595571940.jpeg
Quản Lý Kinh Doanh - Tại Bình Dương (Đi Làm Ngay);15 - 30 triệu;07/03/2024;– Quản lý, chăm sóc hệ thống đại lý, khách hàng công ty giao – Nghiên cứu thị trường, tìm kiếm và xây dựng đại lý mới, khách hàng mới. – Đàm phán và ký kết hợp đồng – Phối hợp với phòng nhân sự trong công tác tuyển dụng – Quản lý đội nhóm, đào tạo và huấn luyện nhân viên mới. – Lên kế hoạch chiến lược để đội nhóm cùng phát triển – Đảm bảo mục tiêu kinh doanh theo chỉ tiêu được giao.;https://cdn1.vieclam24h.vn/tvn/images/old_employer_avatar/images/7972c3bdf859a73dcb06e988c6d18cf1_5f1a7ee4b718c_1595571940.jpeg
Nhân Viên Kế Toán Ngân Hàng Và Thuế;8 - 10 triệu;04/03/2024;- Thanh toán cho nhà cung cấp. - Theo dõi các giao dịch với ngân hàng (khoản vay, LC, ký quỹ …). - Tính lương, trích nộp BHXH. - Kê khai và nộp thuế GTGT, TNCN. - Làm báo cáo nội bộ hàng tháng, nhập liệu phần mềm Fast. - Các công việc khác theo yêu cầu của cấp trên;https://cdn1.vieclam24h.vn/images/employer_avatar/2023/04/06/LOGO_168074694999.png
Nhân Viên Thẩm Định Nhà Phố Sg;7 - 50 triệu;04/03/2024;- Khảo sát các sản phẩm mới trên thị trường, cập nhật các sản phẩm đã có sẵn. - Đàm phán, thương lượng, đưa ra giải pháp tốt nhất cho chủ nhà. - Chia sẻ, hỗ trợ các sale bán hàng.;https://cdn1.vieclam24h.vn/images/employer_avatar/2023/03/14/334218686_1650715722066626_1823688029514532675_n_167877844145.jpg
Nhân Viên Kế Toán Tổng Hợp;10 - 20 triệu;26/02/2024;"- Theo dõi công nợ của khách hàng, nhà cung cấp. - Tính các khoản thu - chi của công ty. - Hạch toán, tổng hợp thu – chi phát sinh lên phần mềm kế toán. - Hoàn thành báo cáo thuế định kỳ hàng tháng. - Kiểm kê quỹ tiền mặt. - Theo dõi, kiểm kê lượng hàng hóa thực tế và đối chiếu với sổ sách. - Tham gia đào tạo theo yêu cầu công việc. - Quản lý văn phòng phẩm và các thiết bị văn phòng. - Lưu trữ hồ sơ của công ty. - Chi tiết sẽ được trao đổi cụ thể trong buổi phỏng vấn. - Làm Việc Tại: + 02 Kế toán làm việc tại Văn phòng số 10 Nguyễn Gia Thiều, Vạn Thạnh, Nha Trang, Tỉnh Khánh Hòa; + 02 Kế toán làm việc tại Nhà máy - KCN Suối Dầu, huyện Cam Lâm, tỉnh Khánh Hòa. Có xe đưa đón cho nhân viên ở xa (tuyến Nha Trang - Cam Lâm)";https://cdn1.vieclam24h.vn/tvn/asset/home/img/employer/5f865b510a90b_1602640721.jpg
Chuyên Viên Tư Vấn Bảo Hiểm Kênh Liên Kết Ngân Hàng Vietinbank;10 - 20 triệu;17/02/2024;- Là đại diện của Manulife Vietnam làm việc tại các Phòng giao dịch/Chi nhánh của Ngân hàng VietinBank - Độc quyền khai thác nguồn khách hàng tiềm năng do Ngân hàng VietinBank giới thiệu để tư vấn cho khách hàng về kế hoạch tài chính, giải pháp và các chương trình bảo hiểm của Manulife. - Xây dựng và duy trì quan hệ với Trưởng phòng khách hàng cá nhân/doanh nghiệp và Cán bộ nhân viên Ngân hàng - Phối hợp tổ chức các sự kiện thúc đẩy doanh số - Hỗ trợ, hướng dẫn và chăm sóc khách hàng II.	ĐỊA ĐIỂM & THỜI GIAN LÀM VIỆC - Địa điểm: Chi nhánh/PGD Ngân hàng VietinBank (Bố trí phù hợp với ứng viên) - Thời gian: 8AM – 5PM, Thứ 2 – Thứ 6;https://cdn1.vieclam24h.vn/images/old_employer_avatar/images/a6146cf707fcb73596bdd6816cd94902_4525010_vieclam24h_1577928661.png
Chuyên Viên Tư Vấn Bảo Hiểm - Dự Án Ngân Hàng Vietinbank Miền Bắc & Trung;10 - 20 triệu;21/02/2024;- Là đại diện của Manulife Vietnam làm việc tại các Phòng giao dịch/Chi nhánh của Ngân hàng VietinBank - Độc quyền khai thác nguồn khách hàng tiềm năng do Ngân hàng VietinBank giới thiệu để tư vấn cho khách hàng về kế hoạch tài chính, giải pháp và các chương trình bảo hiểm của Manulife. - Xây dựng và duy trì quan hệ với Trưởng phòng khách hàng cá nhân/doanh nghiệp và Cán bộ nhân viên Ngân hàng - Phối hợp tổ chức các sự kiện thúc đẩy doanh số - Hỗ trợ, hướng dẫn và chăm sóc khách hàng II.	ĐỊA ĐIỂM & THỜI GIAN LÀM VIỆC - Địa điểm: Chi nhánh/PGD Ngân hàng VietinBank (Bố trí phù hợp với ứng viên) - Thời gian: 8AM – 5PM, Thứ 2 – Thứ 6;https://cdn1.vieclam24h.vn/images/old_employer_avatar/images/a6146cf707fcb73596bdd6816cd94902_4525010_vieclam24h_1577928661.png
Miền Bắc - Chuyên Viên Tư Vấn Bảo Hiểm - Kênh Ngân Hàng Vietinbank;10 - 20 triệu;20/02/2024;- Là đại diện của Manulife Vietnam làm việc tại các Phòng giao dịch/Chi nhánh của Ngân hàng VietinBank - Độc quyền khai thác nguồn khách hàng tiềm năng do Ngân hàng VietinBank giới thiệu để tư vấn cho khách hàng về kế hoạch tài chính, giải pháp và các chương trình bảo hiểm của Manulife. - Xây dựng và duy trì quan hệ với Trưởng phòng khách hàng cá nhân/doanh nghiệp và Cán bộ nhân viên Ngân hàng - Phối hợp tổ chức các sự kiện thúc đẩy doanh số - Hỗ trợ, hướng dẫn và chăm sóc khách hàng II.	ĐỊA ĐIỂM & THỜI GIAN LÀM VIỆC - Địa điểm: Chi nhánh/PGD Ngân hàng VietinBank (Bố trí phù hợp với ứng viên) - Thời gian: 8AM – 5PM, Thứ 2 – Thứ 6;https://cdn1.vieclam24h.vn/images/old_employer_avatar/images/a6146cf707fcb73596bdd6816cd94902_4525010_vieclam24h_1577928661.png
Tư Vấn Viên Bảo Hiểm Kênh Liên Kết Ngân Hàng Vietinbank;10 - 20 triệu;17/02/2024;- Là đại diện của Manulife Vietnam làm việc tại các Phòng giao dịch/Chi nhánh của Ngân hàng VietinBank - Độc quyền khai thác nguồn khách hàng tiềm năng do Ngân hàng VietinBank giới thiệu để tư vấn cho khách hàng về kế hoạch tài chính, giải pháp và các chương trình bảo hiểm của Manulife. - Xây dựng và duy trì quan hệ với Trưởng phòng khách hàng cá nhân/doanh nghiệp và Cán bộ nhân viên Ngân hàng - Phối hợp tổ chức các sự kiện thúc đẩy doanh số - Hỗ trợ, hướng dẫn và chăm sóc khách hàng II.	ĐỊA ĐIỂM & THỜI GIAN LÀM VIỆC - Địa điểm: Chi nhánh/PGD Ngân hàng VietinBank (Bố trí phù hợp với ứng viên) - Thời gian: 8AM – 5PM, Thứ 2 – Thứ 6;https://cdn1.vieclam24h.vn/images/old_employer_avatar/images/a6146cf707fcb73596bdd6816cd94902_4525010_vieclam24h_1577928661.png
Chương Mỹ / Thanh Xuân / Hà Đông - Chuyên Viên Tư Vấn Bảo Hiểm Kênh Liên Kết Ngân Hàng Vietinbank;10 - 20 triệu;07/02/2024;- Là đại diện của Công ty BHNT Manulife Vietnam, có cơ hội làm việc với đối tác Ngân hàng VietinBank trên toàn quốc. - Độc quyền khai thác nguồn khách hàng tiềm năng do Ngân hàng VietinBank giới thiệu để tư vấn về kế hoạch tài chính, giải pháp và các chương trình bảo hiểm Manulife và chịu trách nhiệm về việc đảm bảo tính bảo mật thông tin đối với nguồn KH này. - Xây dựng và duy trì mối quan hệ, hỗ trợ cán bộ nhân viên Ngân hàng, phối hợp tổ chức các sự kiện thúc đẩy doanh số bảo hiểm tại đơn vị - Hỗ trợ, hướng dẫn và chăm sóc khách hàng chu đáo.;https://cdn1.vieclam24h.vn/images/old_employer_avatar/images/a6146cf707fcb73596bdd6816cd94902_4525010_vieclam24h_1577928661.png
Hà Nội - Chuyên Viên Tư Vấn Bảo Hiểm Làm Việc Tại Ngân Hàng Vietinbank;10 - 20 triệu;07/02/2024;- Là đại diện của Công ty BHNT Manulife Vietnam, có cơ hội làm việc với đối tác Ngân hàng VietinBank trên toàn quốc. - Độc quyền khai thác nguồn khách hàng tiềm năng do Ngân hàng VietinBank giới thiệu để tư vấn về kế hoạch tài chính, giải pháp và các chương trình bảo hiểm Manulife và chịu trách nhiệm về việc đảm bảo tính bảo mật thông tin đối với nguồn KH này. - Xây dựng và duy trì mối quan hệ, hỗ trợ cán bộ nhân viên Ngân hàng, phối hợp tổ chức các sự kiện thúc đẩy doanh số bảo hiểm tại đơn vị - Hỗ trợ, hướng dẫn và chăm sóc khách hàng chu đáo.;https://cdn1.vieclam24h.vn/images/old_employer_avatar/images/a6146cf707fcb73596bdd6816cd94902_4525010_vieclam24h_1577928661.png
Chuyên Viên Kinh Doanh (Làm Việc Tại Văn Phòng);10 - 30 triệu;05/03/2024;- Tư vấn sản phẩm phần mềm (App) khuyến nghị đầu tư chứng khoán Việt Nam cho khách hàng sử dụng. - Phát triển khách hàng mới và duy trì mối quan hệ với khách hàng hiện tại. - Thời gian làm việc 5 ngày/tuần (từ thứ Hai đến thứ Sáu, từ 8h đến 17h).;https://cdn1.vieclam24h.vn/tvn/asset/home/img/employer/5ecb44e5c2f82_1590379749.jpg
Nhân Viên Kế Toán;15 - 20 triệu;04/03/2024;- Ký xác nhận tiền về cho kinh doanh khi có yêu cầu. - Lập hồ sơ trình hạn mức tín dụng tại ngân hàng và các TCTD bao gồm: vay, bảo lãnh, cấp tín dụng... Thương thảo lợi ích tối đa về lãi suất, kỳ hạn, tài sản bảo đảm, tỷ giá… - Theo dõi các khoản đầu tư tài chính. - Theo dõi từng hạn mức để cân đối sử dụng, lập hồ sơ vay vốn từng món. - Cân đối dòng tiền hàng tuần/tháng/quý, lập báo cáo dòng tiền. Cân đối lập lệnh thu chi. - Lập phiếu thu/chi khi có đề nghị. - Cuối quý, khớp số dư tiền mặt. - Tiếp nhận chứng từ thanh toán từ kế toán công nợ NCC, kế toán TQT cá nhân. - Lập ủy nhiệm chi, mở LC, HĐ mua bán ngoại tệ (nếu cần) hoặc lệnh chi online. - Gửi đề nghị duyệt lên TPB, Ban TGĐ để duyệt chi online hoặc ký UNC gửi ngân hàng. - Hàng ngày, hạch toán các khoản thu chi. - Hàng tháng, rà soát các khoản thu chi với sao kê ngân hàng, sổ quỹ để khớp số dư. - Lưu trữ sổ phụ ngân hàng, chứng từ thanh toán nước ngoài, hợp đồng tiền gửi, phiếu thu, phiếu chi… - Các công việc khi có yêu cầu từ Kế toán trưởng, Ban TGĐ. THỜI GIAN LÀM VIỆC: 8h30 – 17h30 (nghỉ trưa 12h – 13h) từ thứ 2 đến thứ 6, nghỉ thứ Bảy, Chủ nhật và các ngày Lễ, Tết...;/img/vieclam24h_logo_customer.jpg
Kế Toán Tổng Hợp Biết Tiếng Trung;9 - 17 triệu;08/03/2024;- Kiểm tra tính hợp lệ, hợp pháp của các chứng từ, hạch toán hóa đơn đầu ra, đầu vào, phân bổ chi phí hàng kỳ. - Hạch toán chứng từ, hóa đơn, các chi phí phát sinh trong kỳ, lương, các khoản trích, ... - Kê khai thuế, các báo cáo của cơ quan thuế theo Quý và BCTC theo năm đúng kỳ hạn, hoàn thành nghĩa vụ với ngân sách nhà nước. - Làm hồ sơ BHXH cho nhân viên khi có phát sinh - Quyết toán thuế khi có yêu cầu của cơ quan thuế. - Tổng hợp báo cáo nội bộ cho cấp trên hàng kỳ hoặc đột xuất khi cấp trên yêu cầu. - Lập kế hoạch và báo cáo dòng tiền của công ty. - Đề xuất các giải pháp nhằm vận dụng linh hoạt các quy định của chuẩn mực kế toán, chế độ kế toán, pháp luật thuế trong công tác hạch toán kế toán tại Công ty - Lưu trữ và bảo mật các giấy tờ nội bộ. - Các công việc khác do cấp trên giao.;/img/vieclam24h_logo_customer.jpg
Nhân Viên Kế Toán Admin;7 - 10 triệu;01/03/2024;• Quản lý và theo dõi các giao dịch kế toán hàng ngày: Ghi sổ sách kế toán, xác nhận và kiểm tra các hóa đơn, thu chi tiền mặt. • Lên đơn hàng, xuất hàng hoá / dụng cụ theo đơn hàng. • Gửi báo giá, chương trình khuyến mại cho khách hàng. • Thực hiện công tác quản lý hành chính: Điều này bao gồm việc quản lý tài liệu, lưu trữ, xử lý các văn bản và các công việc liên quan đến hành chính trong công ty. • Thực hiện công việc báo cáo theo ngày, tuần, tháng cho quản lý trực tiếp và các bên liên quan • Thực hiện các công việc khác theo yêu cầu của quản lý. • Tóm lại, kế toán admin có vai trò quan trọng trong việc quản lý và thực hiện các công việc kế toán và hành chính để đảm bảo sự hoạt động suôn sẻ của một công ty.;https://cdn1.vieclam24h.vn/images/employer_avatar/2023/09/28/ƯIN_169589385667.png
Nhân Viên Kế Toán Thuế;12 - 13 triệu;08/03/2024;- Thu thập các hóa đơn đầu ra, đầu vào - Theo dõi, xử lý và kiểm tra tính hợp lệ, hợp pháp của các hóa đơn, - Lập Tờ khai thuế thu nhập cá nhân - Báo cáo tình hình sử dụng hóa đơn của doanh nghiệp - Lập các Báo cáo Thuế hàng tháng, quý, năm. - Hoàn tất các báo cáo tài chính của năm: Bảng cân đối kế toán, Báo cáo KQKD , Báo cáo LCTT, thuyết minh BCTC, Bảng cân đối số PS tài khoản - Lập báo cáo quyết toán TTN cá nhân và thu nhập DN của năm - Thực hiện các công việc liên quan dến kế toán Thuế và ngân hàng. Thời gian làm việc: Toàn thời gian cố định từ thứ 2 – hết sáng T7 hàng tuần;https://cdn1.vieclam24h.vn/tvn/images/employer_avatar/2022/03/01/images/164610928091.jpeg
Kế Toán Tổng Hợp;17 - 18 triệu;08/03/2024;-	Hạch toán, quản lý qũy tiền mặt, các khoản tạm ứng của nhân viên, công nợ của nhà cung cấp. -	Ghi chép và theo dõi qũy tiền mặt, báo cáo đầy đủ và kịp thời tình hình tiền mặt tại qũy. -	Ghi chép và theo dõi, báo cáo đầy đủ và kịp thời các khoản tạm ứng của NLĐ Công ty, đề xuất hướng giải quyết. -	Ghi chép và theo dõi một số công nợ nhà cung cấp, báo cáo đầy đủ và kịp thời các tài khoản công nợ thuộc trách nhiệm quản lý. -	Lập phiếu thu, phiếu chi, phiếu hạch toán. -	Đối chiếu qũy tiền mặt với nhân viên thủ qũy vào cuối mỗi ngày và hàng tháng. -	Theo dõi và hạch toán kế toán, công tác giao dịch thanh toán qua Ngân hàng. -	Thực hiện các thủ tục vay vốn, trả nợ vay. Theo dõi, đối chiếu, hạch toán và báo cáo định kỳ. -	Thực hiện các thủ tục mở L/C, mở bảo lãnh (thanh toán, tạm ứng, thực hiện hợp đồng, bảo lãnh tạm ứng, bảo lãnh bảo hành, thực hiện hợp đồng ...), ký quỹ ký cược, nhận ký quỹ ký cược. Theo dõi, đối chiếu, hạch toán và báo cáo định kỳ. -	Theo dõi, tính toán các khoản lãi vay, lãi tiền gởi, phí Ngân hàng, đối chiếu, hạch toán và báo cáo định kỳ. -	Hạch toán kê khai thuế đầu vào tháng, in bảng kê chuyển cho kế toán tổng hợp trước 03 ngày hết hạn nộp . -	Lấy sổ phụ tiền gửi, tiền vay, ký quỹ, ký cược….và chốt số dư các tài khoản mình quản lý. -	Các công việc khác mà cấp trên chỉ đạo liên quan đến phần việc kế toán khác.;/img/vieclam24h_logo_customer.jpg
Kế Toán Viên;8 - 10 triệu;08/03/2024;- Thực hiện theo dõi và hạch toán kế toán: Nhập, xuất kho thành phẩm, hàng hóa, công công nợ phải thu, phải trả cho khách hàng, nhà cung cấp, tất cả chi phí liên quan đến bán hàng - Nhận và kiểm tra xác nhận tính đầy đủ hợp pháp, hợp lệ của chứng từ trước khi nhập, xuất kho thành phẩm,hàng hóa. - Theo dõi tình hình thực hiện hợp đồng đầu ra, đầu vào. - Lập và kiểm tra hồ sơ thanh toán cho khách hàng, nhà cung cấp. - Xuất hóa đơn đầu ra cho khách hàng - Tham gia công tác kiểm kê thành phẩm, hàng hóa khi có chỉ đạo từ ban giám đốc và đề ra biện pháp xử lý sau kiểm kê. - Lập và ký đối chiếu hàng tồn kho theo từng công trình - Cân đối thuế ra vào - Hạch toán kê khai thuế đầu vào tháng, - Báo cáo tổng hợp công nợ - Thực hiện các công việc khác mà cấp trên chỉ đạo liên quan đến phần việc kế toán khác. - Các công việc trao đổi cụ thể khi phỏng vấn;/img/vieclam24h_logo_customer.jpg
Trưởng Phòng Kế Toán;12 - 15 triệu;07/03/2024;- Tổ chức, quản lý và điều hành toàn bộ hoạt động của phòng kế toán. Phân công công việc và hướng dẫn, hỗ trợ các nhân viên trực thuộc. - Xây dựng các quy chế, tối ưu các quy trình kế toán và đánh giá KPI. - Nắm vững quy trình của các phòng ban khác để phục vụ việc kiểm soát nội bộ. - Lập và phân tích các báo cáo tài chính nội bộ, thuế, hồ sơ vay vốn hàng tháng, quý, năm. - Kiểm soát các bút toán hoạch toán và chất lượng công việc của kế toán viên. Tổ chức lưu giữ chứng từ theo chuẩn kế toán hiện hành. - Tổ chức, giám sát việc kiểm kê định kỳ. - Cập nhật và áp dụng các quy định pháp luật và chế độ chính sách để thực hiện công việc theo chuẩn mực kế toán. - Làm việc với các cơ quan nhà nước trong lĩnh vực công việc. - Chi tiết hơn sẽ được trao đổi khi phỏng vấn.;https://cdn1.vieclam24h.vn/company-logo-medium/072019/5e8439129084e2550480bd5ff5d40096.png
Kế Toán Tổng Hợp;9 - 12 triệu;06/03/2024;- Tổng hợp, theo dõi công nợ của công ty - Tổng hợp, theo dõi Chi phí, hóa đơn, chứng từ - Theo dõi công nợ, quản lý công trình. - Lập các báo cáo nội bộ theo yêu cầu của ban giám đốc. - Hạch toán sổ cái các tài khoản . - Các công việc kế toán nội bộ khác;https://cdn1.vieclam24h.vn/tvn/images/old_employer_avatar/images/31bf783195faa9f01376291f33786bb3_5d0da06f3f6d5_1561174127.jpeg
Nhân Viên Kế Toán Nội Bộ;8 - 12 triệu;06/03/2024;- Thực hiện các nhiệm vụ kế toán như: Thu chi, công nợ, xuất hoá đơn trên phần mềm misa. - Lập báo cáo hàng tháng, quý, về tình hình công nợ, thu chi - Công việc chi tiết sẽ trao đổi buổi phỏng vấn.;/img/vieclam24h_logo_customer.jpg
Kế Toán Tổng Hợp Thu Nhập Tới 15 Triệu / Tháng;10 - 15 triệu;05/03/2024;- Thực hiện nhập nghiệp vụ vào phần mềm kế toán theo công việc chuyên môn của kế toán tổng hợp. - Lập hóa đơn đầu ra, xử lý hóa đơn đầu vào - Tính giá thành - Lập báo cáo thuế hàng tháng, hàng quý như lên tờ khai Thuế giá trị gia tăng , tờ khai Thuế Thu nhập cá nhân, Tờ khai Thuế Thu nhập Doanh Nghiệp nộp theo quy định của pháp luật Thuế. - Lập báo cáo tổng hợp, báo cáo tài chính tháng, quý, năm, - Quyết toán thuế, lập sổ sách kèm theo theo đúng luật và quy định của nhà nước;https://cdn1.vieclam24h.vn/tvn/images/employer_avatar/2021/11/03/images/163591023483.png
Kế Toán Trưởng;7 - 15 triệu;05/03/2024;Kế toán thuế cho các công ty thành viên Tư vấn ban lãnh đạo quản lý tài chính các công ty thành viên Đào tạo kế toán nội bộ Thực hiện các công việc được cấp trên chỉ đạo (trong lĩnh vực kế toán) Thời gian làm việc: Thứ 2 đến sáng thứ 7. Địa chỉ làm việc: Tầng 2 toà nhà Savico, 66 Võ Văn Tần, Thanh Khê, Đà Nẵng.;https://cdn1.vieclam24h.vn/tvn/images/old_employer_avatar/images/68abf452f6d9ebcfd70f0117cbd44760_5eb2692773bff_1588750631.png
Chuyên Viên Xử Lý Nợ Tố Tụng Kh Doanh Nghiệp - Hà Nội - Ta146;15 - 30 triệu;05/03/2024;Trực tiếp thực hiện việc tiếp nhận/xử lý các khoản vay được cấp có thẩm quyền phân công bằng các biện pháp xử lý nợ theo quy định của VPBank và Pháp luật, đảm bảo thu hồi nợ thành công về cho VPBank 1. Chuẩn bị nghiên cứu hồ sơ để xác định biện pháp tác nghiệp cho việc xử lý nợ: Tiếp nhận hồ sơ khách hàng đang có khoản vay quá hạn thanh toán và có phát sinh nợ xấu tại Ngân hàng VPBank. Cập nhật thông tin khách hàng vào file tác nghiệp, bao phủ danh mục. Tra cứu hồ sơ, soạn thảo văn bản, lên kế hoạch tác nghiệp Trình đề xuất áp dụng các biện pháp Xử lý nợ phù hợp sau nghiên cứu hồ sơ 2. Triển khai thực hiện các biện pháp xử lý nợ: Soạn thảo văn bản để gửi khách hàng, cá nhân/tổ chức liên quan, cơ quan nhà nước (Thông báo khởi kiện, Đơn tố giác tội phạm, Công văn xác minh cư trú và hỗ trợ xử lý nợ, Đơn khởi kiện, Văn bản uỷ quyền,…) Thực hiện tác nghiệp hiện trường các khu vực trên địa bàn/ công tác tỉnh theo kế hoạch Liên hệ các cơ quan chức năng (Cảnh sát khu vực, Công an phường/xã...) hỗ trợ cung cấp thông tin/xác minh tình trạng cư trú của khách hàng Làm việc trực tiếp, mời khách hàng lên văn phòng làm việc Làm việc với các cơ quan tố tụng đối với các biện pháp Xử lý nợ tố tụng (Tòa An, Thi Hành Án, Công an) đảm bảo thời gian tác nghiệp tố tụng Gửi các văn bản thông báo về khoản nợ cho khách hàng Làm tờ trình phương án xử lý nợ, đề nghị thu nợ, thực hiện phương án nếu được cấp có thẩm quyền phê duyệt 3. Thực hiện chế độ báo cáo và các nhiệm vụ khác bao gồm: Lập kế hoạch và thực hiện báo cáo tác nghiệp lên phần mềm quản lý theo đúng cú pháp Theo dõi và cập nhật đúng tình trạng hồ sơ khách hàng lên hệ thống quản lý Thực hiện giải trình, bổ sung hình ảnh cho phòng Quản lý hoạt động khi được kiểm tra Báo cáo định kỳ, tham gia các cuộc họp thường xuyên về tổng kết công việc trong tháng, lập kế hoạch công việc tháng tiếp theo Phối hợp với các đơn vị liên quan để giải quyết các công việc phát sinh. Thực hiện các công việc khác theo chỉ đạo của Lãnh đạo;https://cdn1.vieclam24h.vn/images/employer_avatar/2023/05/15/screenshot_1684122799_168412282123.png
Chuyên Viên Xử Lý Nợ Tố Tụng (Có Tài Sản Đảm Bảo) - Hồ Chí Minh, Bình Dương;15 - 30 triệu;05/03/2024;"Thực hiện công tác quản lý và Xử lý nợ có Tài sản bảo đảm của KHCN, KHDN (Nhóm nợ >90 ngày) Đàm phán với KH về phương án thanh toán nợ, tư vấn các giải pháp tài chính nhằm hỗ trợ doanh nghiệp có kế hoạch thanh toán nợ đúng hạn. Tiến hành các biện pháp tác nghiệp đôn đốc và thu hồi nợ Nghiên cứu hồ sơ, xác minh thông tin, nguồn tài chính Đại diện VPBank tham gia tố tụng/thi hành án theo uỷ quyền tại các cơ quan Công an, Toà án, Thi hành án Thực hiện báo cáo tiến độ công tác xử lý nợ định kỳ và đột xuất theo yêu cầu của Lãnh đạo. Tham gia các buổi họp về lập kế hoạch công việc, vận hành, rà soát hiệu quả công việc, các buổi đào tạo nghiệp vụ xử lý nợ do các Đơn vị tổ chức. Thực hiện các công việc và nghiệp vụ khác theo yêu cầu của Lãnh đạo. Chỉ tiêu đo lường công việc: Số lượng tài sản bảo đảm được xử lý nhằm thu hồi nợ; Số lượng hồ sơ nợ xấu đang quản lý; Số nợ xấu được thu hồi về; Tuân thủ các chính sách và quy định về thu hồi nợ của Ngân hàng VPBank, quy định của Pháp luật.";https://cdn1.vieclam24h.vn/images/employer_avatar/2023/05/15/screenshot_1684122799_168412282123.png
Chuyên Viên Xử Lý Nợ Tố Tụng Khách Hàng Cá Nhân - Thái Bình, Bắc Giang, Bắc Ninh;15 - 30 triệu;05/03/2024;"1. Tiếp nhận, quản lý thông tin/hồ sơ vay của các khách hàng được phân công đang có nợ xấu tại VPBank để xử lý: Tiếp nhận danh sách, hồ sơ, thông tin khoản vay được phân về từ phòng Kế hoạch tổng hợp; Thu thập hồ sơ, thực hiện các phương thức tác nghiệp (gọi điện thoại, làm việc trực tiếp,..) để xác minh thông tin liên quan đến khách nợ, nguồn tài chính, thực trạng tài sản bảo đảm của khách hàng và các bên có liên quan nhằm phục vụ cho quá trình thu hồi nợ. Nghiên cứu, đánh giá hồ sơ; 2. Lập phương án, trình cấp có thẩm quyền phê duyệt phương án xử lý nợ và thực hiện công tác thu hồi nợ xấu thuộc danh mục khách hàng đang quản lý (qua các biện pháp: cấu trúc nợ; thu giữ, xử lý tài sản đảm bảo, khởi kiện,…). 3. Đại diện VPBank tham gia tố giác/tố tụng/thi hành án theo ủy quyền tại các cơ quan chức năng Công an, Tòa án, Thi hành án, … để giải quyết các công việc liên quan đến hoạt động thu hồi nợ. 4. Thực hiện báo cáo tiến độ công tác xử lý nợ định kỳ và đột xuất theo yêu cầu của Lãnh đạo. 5. Tham gia các buổi họp về lập kế hoạch công việc, vận hành, rà soát hiệu quả công việc, các buổi đào tạo nghiệp vụ xử lý nợ do các Đơn vị tổ chức. 6. Thực hiện các công việc và nghiệp vụ khác theo yêu cầu của Lãnh đạo.";https://cdn1.vieclam24h.vn/images/employer_avatar/2023/05/15/screenshot_1684122799_168412282123.png
BTB – Chuyên Viên Quan Hệ Khách Hàng Doanh Nghiệp (CN ĐÀ NẴNG);11 - 30 triệu;04/03/2024;Phát triển, chăm sóc khách hàng doanh nghiệp (Phân khúc khách hàng SME) Chủ động lập kế hoạch, triển khai tìm kiếm và tiếp cận các nguồn khách hàng mới có chất lượng nhằm khai thác nhu cầu, tư vấn và thuyết phục khách hàng sử dụng các sản phẩm dịch vụ tại ACB (Bao gồm cho vay thế chấp, tín chấp, huy động tiền gửi tiết kiệm,…). Tiếp nhận, xử lý và phản hồi những thắc mắc của khách hàng hiện hữu nhằm duy trì sự gắn kết và đáp ứng kịp thời nhu cầu của khách hàng. Thẩm định và đề xuất cấp tín dụng trong phạm vi được phân công. Thực hiện các hoạt động kiểm tra, rà soát và tái đánh giá khách hàng. Bán chéo các sản phẩm dịch vụ theo quy định tại ACB.;https://cdn1.vieclam24h.vn/tvn/images/old_employer_avatar/images/c5635cac6e9067bf81035bb620a0190b_5cb9921cab982_1555665436.png
Dbscl - Chuyên Viên Quan Hệ Khách Hàng Doanh Nghiệp (Cần Thơ, Vĩnh Long, Long An);11 - 30 triệu;04/03/2024;Tìm kiếm, phát triển, chăm sóc khách hàng doanh nghiệp (phân khúc khách hàng SME). Thẩm định và đề xuất cấp tín dụng cho khách hàng. Duy trì quan hệ, chăm sóc khách hàng hiện hữu và phát triển khách hàng mới. Củng cố và phát triển mối quan hệ khách hàng nhằm khai thác tối đa nhu cầu sản phẩm dịch vụ của ngân hàng. Đầu mối hướng dẫn KH thực hiện các giao dịch hoặc hướng dẫn KH tiếp xúc các nghiệp vụ khác để thực hiện các giao dịch tại Chi nhánh/ Phòng giao dịch theo nhu cầu.;https://cdn1.vieclam24h.vn/tvn/images/old_employer_avatar/images/c5635cac6e9067bf81035bb620a0190b_5cb9921cab982_1555665436.png
Acb - Chuyên Viên Quan Hệ Khách Hàng Cá Nhân (Khu Vực HCM);8 - 25 triệu;04/03/2024;Tìm kiếm, phát triển, chăm sóc khách hàng cá nhân Chủ động phát triển khách hàng mới, tư vấn và hướng dẫn khách hàng sử dụng sản phẩm dịch vụ ngân hàng Thẩm định và đề xuất cấp tín dụng cho khách hàng Củng cố và phát triển mối quan hệ khách hàng nhằm khai thác tối đa nhu cầu sản phẩm dịch vụ của ngân hàng Báo cáo công việc, cập nhật thông tin khách hàng đầy đủ và chính xác theo quy định Khu vực tuyển dụng các Quận TP HCM;https://cdn1.vieclam24h.vn/tvn/images/old_employer_avatar/images/c5635cac6e9067bf81035bb620a0190b_5cb9921cab982_1555665436.png
Acb - Giám Đốc Quan Hệ Khách Hàng Cá Nhân (Khu Vực Hồ Chí Minh);Thoả thuận;04/03/2024;Tìm kiếm, phát triển, chăm sóc khách hàng cá nhân Chủ động phát triển khách hàng mới, tư vấn và hướng dẫn khách hàng sử dụng sản phẩm dịch vụ ngân hàng Thẩm định và đề xuất cấp tín dụng cho khách hàng Củng cố và phát triển mối quan hệ khách hàng nhằm khai thác tối đa nhu cầu sản phẩm dịch vụ của ngân hàng Báo cáo công việc, cập nhật thông tin khách hàng đầy đủ và chính xác theo quy định;https://cdn1.vieclam24h.vn/tvn/images/old_employer_avatar/images/c5635cac6e9067bf81035bb620a0190b_5cb9921cab982_1555665436.png
Acb - Giám Đốc Quan Hệ Khách Hàng Doanh Nghiệp (Khu Vực Hồ Chí Minh);Thoả thuận;04/03/2024;Phát triển, chăm sóc khách hàng doanh nghiệp (Phân khúc khách hàng SME) Chủ động lập kế hoạch, triển khai tìm kiếm và tiếp cận các nguồn khách hàng mới có chất lượng nhằm khai thác nhu cầu, tư vấn và thuyết phục khách hàng sử dụng các sản phẩm dịch vụ tại ACB (Bao gồm cho vay thế chấp, tín chấp, huy động tiền gửi tiết kiệm,…). Tiếp nhận, xử lý và phản hồi những thắc mắc của khách hàng hiện hữu nhằm duy trì sự gắn kết và đáp ứng kịp thời nhu cầu của khách hàng. Thẩm định và đề xuất cấp tín dụng trong phạm vi được phân công. Thực hiện các hoạt động kiểm tra, rà soát và tái đánh giá khách hàng. Bán chéo các sản phẩm dịch vụ theo quy định tại ACB.;https://cdn1.vieclam24h.vn/tvn/images/old_employer_avatar/images/c5635cac6e9067bf81035bb620a0190b_5cb9921cab982_1555665436.png
Acb - Chuyên Viên Quan Hệ Khách Hàng Doanh Nghiệp (Khu Vực Hồ Chí Minh);11 - 30 triệu;04/03/2024;Phát triển, chăm sóc khách hàng doanh nghiệp (Phân khúc khách hàng SME) Chủ động lập kế hoạch, triển khai tìm kiếm và tiếp cận các nguồn khách hàng mới có chất lượng nhằm khai thác nhu cầu, tư vấn và thuyết phục khách hàng sử dụng các sản phẩm dịch vụ tại ACB (Bao gồm cho vay thế chấp, tín chấp, huy động tiền gửi tiết kiệm,…). Tiếp nhận, xử lý và phản hồi những thắc mắc của khách hàng hiện hữu nhằm duy trì sự gắn kết và đáp ứng kịp thời nhu cầu của khách hàng. Thẩm định và đề xuất cấp tín dụng trong phạm vi được phân công. Thực hiện các hoạt động kiểm tra, rà soát và tái đánh giá khách hàng. Bán chéo các sản phẩm dịch vụ theo quy định tại ACB.;https://cdn1.vieclam24h.vn/tvn/images/old_employer_avatar/images/c5635cac6e9067bf81035bb620a0190b_5cb9921cab982_1555665436.png
Acb - Giám Đốc Quan Hệ Khách Hàng Ưu Tiên (Khu Vực Hồ Chí Minh);Thoả thuận;04/03/2024;Mục Tiêu MQuản lý danh mục khách hàng ưu tiên, Am hiểu, tư vấn, cung cấp các giải pháp tài chính phù hợp với nhu cầu khách hàng ụ Chăm sóc, đem đến trải nghiệm vượt trội cho khách hàng từ đó gia tăng gắn kết giữa khách hàng và ngân hàng. Quản trị và phát triển danh mục khách hàng ưu tiên: Quản lý danh mục khách hàng ưu tiên được phân bổ và xây dựng mạng lưới khách hàng, mở rộng các quan hệ từ danh mục khách hàng sẵn có để khai thác, phát triển khách hàng ưu tiên mới. Phân nhóm, thiết lập các ưu tiên trong việc tiếp cận và chăm sóc khách hàng Tổng hợp, phân tích và đưa ra được các đặc điểm nổi bật, đặc trưng của danh mục đang quản lý Xác định được các cơ hội tư vấn & cung cấp dịch vụ đối với từng nhóm khách hàng trong danh mục. c Khai thác, cập nhật liên tục thông tin/dữ liệu để gia tăng am hiểu nhu cầu khách hàng trong danh mục Phân tích các sản phẩm/dịch vụ phù hợp với nhu cầu của khách hàng trong danh mục. Tư vấn, chăm sóc và quản trị trải nghiệm khách hàng: Trực tiếp tiếp nhận và thực hiện các yêu cầu giao dịch của khách hàng Thu thập, phân tích dữ liệu và đánh giá thông tin của khách hàng từ đó cung cấp các giải pháp tài chính toàn diện nhằm đáp ứng tối đa các nhu cầu của khách hàng. Thiết kế giải pháp tài chính phù hợp, trình bày và thuyết phục khách hàng Nắm rõ tất cả các đặc điểm và chính sách giá & phí của các sản phẩm tại ACB đồng thời so sánh về sản phẩm của thị trường để nhận định lợi thế cạnh tranh iê Đầu mối chính tương tác với khách hàng, phối hợp với các bộ phận khác đáp ứng nhu cầu khách hàng và giải quyết các vướng mắc của khách hàng trong quá trình giao dịch, sử dụng sản phẩm dịch vụ ngân hàng. Theo dõi và cập nhật liên tục với khách hàng về các tính năng mới, các chính sách sản phẩm dịch vụ, các thông tin, quy định có tác động đến tài sản của khách hàng, cập nhật thông tin các dịch vụ đến hạn (sổ tiết kiệm, thẻ tín dụng…) Quản lý và chuẩn bị ấn phẩm, quà tặng: ấn phẩm chào mừng khách hàng mới, ấn phẩm phục vụ công tác bán hàng, quà tặng dịp lễ, sinh nhật khách hàng, … Thường xuyên tương tác, chăm sóc khách hàng, thực hiện các chương trình quà tặng, chương trình đặc quyền phù hợp với phong cách sống của khách hàng theo quy định ngân hàng Ghi nhận và phản hồi ý kiến của khách hàng về sản phẩm dịch vụ và đề xuất các giải pháp để nâng cao tiêu chuẩn chất lượng dịch vụ.;https://cdn1.vieclam24h.vn/tvn/images/old_employer_avatar/images/c5635cac6e9067bf81035bb620a0190b_5cb9921cab982_1555665436.png
Nhân Viên Tài Chính Doanh Nghiệp;8 - 15 triệu;04/03/2024;✍️Làm việc trực tiếp với chủ tịch công ty: -Lập kế hoạch tài chính – đầu tư, kế hoạch dòng tiền định kỳ trên cơ cở kế hoạch tài chính -Lên phương án tài chính xin cấp hạn mức vay theo gói dự án- Báo cáo tình hình sử dụng hạn mức nợ tại các ngân hàng cho BGĐ -Lập kế hoạch tài chính ngắn hạn/dài hạn, báo cáo kết quả thực hiện kế hoạch tài chính -Kiểm tra, đánh giá và báo cáo tình hình thực hiện kế hoạch tài chính theo định kỳ, tình hình sử dụng vốn – tài sản của Công ty;https://cdn1.vieclam24h.vn/images/employer_avatar/2024/03/04/logo nhật long_170954092944.png
Kế Toán Tổng Hợp;15 - 20 triệu;02/03/2024;- Xử lý số liệu để lên sổ sách kế toán: theo dõi nhập xuất tồn kho, phân bổ, khấu hao, tính giá thành, kết chuyển thuế, kết chuyển lãi lỗ để chốt sổ kế toán. - Rà soát lại hồ sơ cả năm, số liệu đã xử lý, cân đối lại lãi lỗ lên BCTC năm, quyết toán thuế TNDN. - Thực hiện cung cấp hồ sơ cho ngân hàng, cho kiểm toán theo yêu cầu cấp trên….. - Chi tiết sẽ được trao đổi khi phỏng vấn.;https://cdn1.vieclam24h.vn/images/employer_avatar/2023/07/26/z4549155923847_2fb4e5d75b5a586bd0c2b6c171e75476_169036123482.jpg
Nhân Viên Kế Toán - Hưng Yên;8 - 13 triệu;02/03/2024;Lập báo cáo tồn kho, báo cáo nhập xuất tồn Kiểm soát nhập xuất tồn kho Đối chiếu số liệu nhập xuất của thủ kho và kế toán. Thường xuyên: kiểm tra việc ghi chép vào thẻ kho của thủ kho, hàng hoá vật tư trong kho được sắp xếp hợp lý chưa, kiểm tra thủ kho có tuân thủ các qui định của công ty. Đối chiếu số liệu nhập xuất của thủ kho và kế toán. Trực tiếp tham gia kiểm đếm số lượng hàng nhập xuất kho cùng thủ kho, bên giao, bên nhận nếu hàng nhập xuất có giá trị lớn hoặc có yêu cầu của cấp có thẩm quyền Tham gia công tác kiểm kê định kỳ (hoặc đột xuất). Chịu trách nhiệm lập biên bản kiểm kê, biên bản đề xuất xử lý nếu có chênh lệch giữa sổ sách và thực tế Nộp chứng từ và báo cáo kế toán theo qui định Công việc khác theo chỉ đạo của Cấp trên trực tiếp Địa điểm làm việc: Thôn Đại Từ, Xã Đại Đồng, Huyện Văn Lâm, Tỉnh Hưng Yên;https://cdn1.vieclam24h.vn/images/default/2022/10/20/images/166626006821.png
Giám Sát Hàng Hóa;10 - 13 triệu;05/03/2024;Giám sát giao nhận hàng thực tế tại kho: Kiểm tra số lượng trên Chứng từ và hàng Thực tế kho đã sọan, trước khi bắt đầu giao hàng Kiểm soát Chứng từ giao/nhận hàng: Đảm bảo Chứng từ hợp lệ theo Quy định trước khi cho giao/nhận hàng Thu hồi Chứng từ giao/nhận hàng: Đảm bảo Chứng từ hợp lệ theo Quy định sau khi đã giao/nhận, bàn giao Chứng từ về Văn phòng chính Tham gia công tác kiểm kê định kỳ (hoặc đột xuất). Việc khác liên quan đến quản lý/ kiểm soát hàng hóa, theo chỉ đạo của Cấp trên Ứng viên chọn một trong các vị trí sau: Thôn Đại Từ, Xã Đại Đồng, Huyện Văn Lâm, Tỉnh Hưng Yên Số 64, Đường Hoa Lâm, Quận Long Biên, TP Hà Nội;https://cdn1.vieclam24h.vn/images/default/2022/10/20/images/166626006821.png
Chuyên Viên Chăm Sóc Khách Hàng (Hành Chính) Tại Kim Mã, Hà Nội;8 - 12 triệu;01/03/2024;"1. INBOUND: Tiếp nhận và xử lý các yêu cầu của người gọi vào Hotline của Công ty: kiểm tra thông tin và trả lời các thắc mắc của người gọi điện, hoặc ghi nhận yêu cầu của người gọi điện, thực hiện nghiêm túc các bước nghiệp vụ đã thiết lập, các mẫu hội thoại chuẩn, và các quy định/hướng dẫn đã ban hành; Đảm bảo tuân thủ các quy định về chỉ số hoạt động đã được giao; Đảm bảo tính chính xác, đầy đủ và kịp thời của các thông tin khi ghi nhận vào hệ thống; Đảm bảo tiếp nhận và xử lý thông tin một cách chính xác, kịp thời và tuân các chuẩn mực nội bộ về giao tiếp qua điện thoại. 2. OUTBOUND: Gọi điện thoại cho khách hàng, hoặc người có liên quan đến hoạt động cho vay của Công ty, dựa trên danh sách và mục đích đã được phân công; Đảm bảo tuân thủ nội dung hội thoại mẫu tương ứng với mục đích gọi; Đảm bảo tuân thủ các quy định về chỉ số hoạt động đã được giao; Đảm bảm tính chính xác, kịp thời và đầy đủ của các thông tin khi ghi nhận kết quả vào hệ thống.";https://cdn1.vieclam24h.vn/images/old_employer_avatar/images/0c11a213f45f67450110524c8f0fef87_3104199_vieclam24h_1577951033.png
Trưởng Nhóm Nhắc Phí Qua Tổng Đài - Hà Nội;12 - 30 triệu;06/02/2024;"1. Quản lý hành chính: Sắp xếp giờ công, chấm công, lịch nghỉ ca, nghỉ phép cho tổng đài viên theo đúng quy định quy trình đã duyệt; Giám sát, quản lý thời gian làm việc, số lượng hợp đồng và thời gian gọi điện của tổng đài viên nhắc phí, đảm bảo tuân thủ đúng quy định, quy trình và chỉ tiêu đã đề ra; Kiểm tra kết quả thực hiện chỉ tiêu của nhóm và đề xuất các điều chỉnh nhằm đảm bảo tính chính xác trong công tác tính lương, thưởng cho đội ngũ; Thường xuyên theo dõi, nhắc nhở nhằm đảm bảo tập thể luôn nhận thức và tuân thủ các quy định của Công ty; Đánh giá kết quả công việc, đề xuất các hình thức khen thưởng hoặc kỷ luật đội ngũ dưới quyền theo các quy trình và quy định đã thiết lập nhằm đảm bảo tính tuân thủ và kết quả công việc tốt nhất cho Công ty. 2. Quản lý nghiệp vụ: Theo dõi nghiệp vụ hàng ngày của tổng đài viên trong nhóm, trực tiếp hỗ trợ trường hợp khó; Nghe, đánh giá chất lượng cuộc gọi của tổng đài viên để kịp thời nhắc nhở, định hướng nhằm nâng cao chất lượng và hiệu quả của công tác chuyên môn. 3. Khác : Phản ánh kịp thời đến các bộ phận chức năng khi có trục trặc về hệ thống để đảm bảo tính thông suốt trong hoạt động; Đảm bảo tính kịp thời và chính xác của các báo cáo về tình hình hoạt động của đội ngũ theo định kỳ và khi có yêu cầu của cấp trên; Đóng góp ý kiến trong việc xây dựng, củng cố và hoàn thiện các quy chuẩn của phòng ban; Hỗ trợ hoạt động chung của phòng ban khi có yêu cầu; Tham gia các hoạt động nghiệp vụ khác của Công ty theo yêu cầu của cấp quản lý có thẩm quyền.";https://cdn1.vieclam24h.vn/images/old_employer_avatar/images/0c11a213f45f67450110524c8f0fef87_3104199_vieclam24h_1577951033.png
Chuyên Viên Tín Dụng Ngân Hàng Shinhan HCM (Cn Tân Bình + Bình Thạnh);8 - 20 triệu;01/03/2024;"CHUYÊN VIÊN TƯ VẤN TÍN DỤNG (DIRECT SALES) Địa điểm làm việc: Tòa nhà Pico, 20 Cộng Hòa, Tân Bình Tòa nhà Dali, 24C Phan Đăng Lưu, Bình Thạnh Minh Sang Plaza, 888 Đại Lộ Bình Dương, Bình Dương Thời gian làm việc: Thứ 2 – Thứ 6, 8h30-17h30 Đảm bảo cung cấp sản phẩm, dịch vụ của Ngân hàng đến khách hàng theo đúng chuẩn qui định và hoàn thành chỉ tiêu cá nhân với vai trò Chuyên viên tư vấn tài chính. -    Tìm kiếm, trực tiếp giới thiệu, tư vấn đến khách hàng sản phẩm vay tín chấp, thẻ tín dụng & sản phẩm khác của Ngân hàng Shinhan; -    Chăm sóc, phát triển và mở rộng mạng lưới khách hàng, đảm bảo hoàn thành các chỉ tiêu kinh doanh theo qui định. -    Tham gia vào các hoạt động phát triển thị trường như Cold Call, Roadshows, hỗ trợ công tác thu hồi nợ quá hạn (khi cần),...; -    Tuân thủ và thực hiện đúng các quy định về chính sách sản phẩm, chất lượng dịch vụ, quy tắc ứng xử & các quy định khác của Ngân hàng và qui định pháp luật; -    Thực hiện các công việc khác theo phân công của Quản lý trực tiếp.";https://cdn1.vieclam24h.vn/file_uploads/employer/5c89db4850bbc_1552538440.jpg
Chuyên Viên Tư Vấn Tín Dụng - Hà Nội;10 - 30 triệu;22/02/2024;- Phát triển khách hàng mới, chăm sóc và tư vấn cho khách hàng để bán các sản phẩm tín dụng (bao gồm Thẻ Tín dụng & Vay tiêu dùng tín chấp ), các sản phẩm khác theo định hướng của khối trong từng thời kì và dịch vụ của Shinhan Bank - Hướng dẫn và tư vấn cho khách hàng về quy trình, hồ sơ khoản vay, trực tiếp hoàn thiện hồ sơ tín dụng và theo dõi giải ngân khoản vay - Chăm sóc khách hàng sau giải ngân, kiểm tra và đôn đốc khách hàng trả nợ đúng hạn đồng thời khai thác các cơ hội bán thêm/bán chéo - Tuân thủ chặt chẽ các quy trình nghiệp vụ của Shinhan Bank, phối hợp với các bộ phận liên quan để phục vụ tốt nhất các yêu cầu của khách hàng. Địa chỉ làm việc: Shinhan Bank, Tầng 4, Tòa Golden Palace, 99 Mễ Trì, Nam Từ Liêm, Hà Nội;https://cdn1.vieclam24h.vn/file_uploads/employer/5c89db4850bbc_1552538440.jpg
Chuyên Viên Kinh Doanh Tư Vấn  (Relationship Manager) - Tại Quận 1;16 - 30 triệu;28/02/2024;- Phát triển nguồn khách hàng tiềm năng từ cá nhân và nguồn từ công ty phân bổ. - Lập danh sách khách hàng tiềm năng. - Thiết lập cuộc hẹn gặp khách hàng. - Thực hiện bảng khảo sát giúp khách hàng hiểu rõ nhu cầu tài chính cá nhân & gia đình. - Thiết kế và tư vấn kế hoạch tài chính cho khách hàng. - Tìm kiếm, mở rộng và chăm sóc khách hàng. - Chăm sóc khách hàng trước và sau bán hàng khẳng định chất lượng dịch vụ của AIA exchange.;https://cdn1.vieclam24h.vn/images/employer_avatar/2024/02/27/z5197283976022_f36d73dc5b53f64a45511a9a8ea11e9d_170901985136.jpg
Trưởng Bộ Phận Khcn / Khdn;20 - 30 triệu;28/02/2024;Tổ chức thực hiện công việc của Bộ phận Kinh doanh: - Lập và triển khai thực hiện kế hoạch công việc hàng tuần/tháng của Bộ phận. - Tổ chức, đánh giá tình hình thực hiện kế hoạch của Bộ phận. - Phân công công việc cho CV/NV Kinh doanh phù hợp với năng lực của nhân viên. - Hỗ trợ NV Kinh doanh tân tuyển trong việc thẩm định, chăm sóc và phát triển khách hàng. - Cập nhật, phổ biến các quy trình/quy định về sản phẩm, dịch vụ, nghiệp vụ cho CV/NV Kinh doanh Hoạt động nghiệm vụ: - Tư vấn, cung cấp dịch vụ cho khách hàng hiện hữu - Thực hiện các nghiệp vụ thẩm định và đề xuất cấp tín dụng cho khách hàng - Duy trì quan hệ, chăm sóc khách hàng hiện hữu và phát triển khách hàng mới: - Đầu mối hướng dẫn khách hàng thực hiện các giao dịch hoặc hướng dẫn khách hàng tiếp xúc các chức danh khác để thực hiện các giao dịch tại kênh phân phối theo quy định. - Các nhiệm vụ khác theo sự phân công của Ban Giám đốc;https://cdn1.vieclam24h.vn/images/employer_avatar/2024/02/27/logo1_170902456448.png
Nhân Viên Kinh Doanh Tư Vấn Bảo Hiểm;16 - 32 triệu;26/02/2024;- Lên kế hoạch và chiến lược chăm sóc khách hàng hiện hữu và khách hàng đến tại quầy chi nhánh. - Lên kế hoạch và chiến lược tìm kiếm khách hàng tiềm năng. - Thiết kế và tư vấn các giải pháp tài chính/bảo hiểm tối ưu theo nhu cầu của khách hàng. - Hỗ trợ, chăm sóc khách hàng tận tình trước, trong và sau khi thực hiện hợp đồng.;https://cdn1.vieclam24h.vn/images/employer_avatar/2024/02/23/z5183933672777_31049e09d854d01a079a66df66eeff44_170866933342.jpg
Kế Toán Tổng Hợp - Tại Quận 3, TPHCM (Đi Làm Ngay);12 - 14 triệu;26/02/2024;- Kiểm tra tính hợp lệ của các hóa đơn, chứng từ trước khi đưa vào sổ sách kế toán - Định khoản các nghiệp vụ ngân hàng, mua hàng, bán hàng và thu chi tiền mặt - Kiểm tra các chi phí phát sinh, rà soát các nghiệp vụ hạch toán trên phần mềm - Chịu trách nhiệm thực hiện các giao dịch ngân hàng - Thực hiện các thủ tục BHXH khi phát sinh lao động - Lập báo cáo thuế định kỳ và báo cáo tài chính năm - Thực hiện các công việc khác theo chỉ đạo của cấp trên ĐỊA ĐIỂM LÀM VIỆC : Số 56 Phạm Ngọc Thạch, Phường Võ Thị Sáu, Quận 3, Thành phố Hồ Chí Minh, Việt Nam THỜI GIAN LÀM VIỆC : giờ hành chánh;https://cdn1.vieclam24h.vn/images/employer_avatar/2023/07/31/download_169079991547.png
Kế Toán Tổng Hợp;15 - 20 triệu;26/02/2024;-        Lập báo cáo Thống kê (định kỳ tháng, năm) -        Lập Báo cáo tài chính (định kỳ tháng, quí, năm) -        Lập báo cáo quyết toán thuế (định kỳ tháng, quí, năm) -        Báo cáo Hợp nhất của Công ty và công ty con -        Báo cáo tình hình sử dụng hóa đơn cho cơ quan thuế theo định kỳ. -        Trực tiếp làm việc với cơ quan thuế về các công việc liên quan. -        Tổng hợp, chuẩn bị, giải trình và tập hợp cung cấp hồ sơ số liệu cho cơ quan Thuế, kiểm toán, Thanh tra. -        Thực hiện các công việc khác theo yêu cầu của Kế toán trưởng và Ban Giám đốc;https://cdn1.vieclam24h.vn/tvn/images/old_employer_avatar/images/29f7376a03a6872f5ac442a958365512_59434de0b0375_1497583072.png
Kế Toán Thuế;12 - 15 triệu;24/02/2024;- Thu thập tất cả hóa đơn đầu vào và nhập vào hệ thống PM - Xuất hóa đơn GTGT đầu ra - Làm báo cáo thuế GTGT, TNCN, TNDN hàng quý - Làm báo cáo tài chính năm - Quyết toán thuế TNCN năm - Làm bảo hiểm xã hội - Hoàn thành số liệu, chứng từ sổ sách thuế - Và các công việc khác về thuế theo yêu cầu của KTT;/img/vieclam24h_logo_customer.jpg
Chuyên Viên Quản Lý Khách Hàng Thu Nhập Lên Đến 50 Triệu;18 - 50 triệu;24/02/2024;* TƯ VẤN TÀI CHÍNH: - Cung cấp và hỗ trợ các giải pháp tài chính chuyên nghiệp cho khách hàng - Tìm kiếm, mở rộng và xây dựng nguồn khách hàng tiềm năng - Trực tiếp tạo ra doanh số bán hàng và đóng góp vào kết quả chung của công ty để đạt được mục tiêu doanh số đã định trước * DỊCH VỤ KHÁCH HÀNG: - Hỗ trợ khách hàng làm dịch vụ tại văn phòng, mang đến cho khách hàng sự thuận tiện và trải nghiệm cao cấp nhất - Xây dựng và duy trì các mối quan hệ với khách hàng và đội ngũ đồng nghiệp để cung cấp các dịch vụ và giải pháp tài chính kịp thời cho khách hàng - Hỗ trợ khách hàng chuẩn bị các giấy tờ cần thiết một cách chính xác nhất để đảm bảo quyền lợi của khách hàng theo đúng quy định của công ty và quy định của pháp luật * XÂY DỰNG THƯƠNG HIỆU: - Chú trọng xây dựng thương hiệu cá nhân, thương hiệu công ty trên tất cả các kênh mạng xã hội một cách chuyên nghiệp;https://cdn1.vieclam24h.vn/images/employer_avatar/2024/01/16/6080dd3eabb700e959a6_170539834420.jpg
Chuyên Viên Tư Vấn Khách Hàng;8 - 15 triệu;22/02/2024;"Ngân hàng Bản Việt hiện đang tuyển dụng vị trí này tại Lâm Đồng (Bảo Lộc), Bình Phước (Phước Long) và Đồng Tháp (Sa Đéc). --------------------------- Quản lý, chăm sóc danh mục khách hàng tiền gửi cao cấp được giao định kỳ, xây dựng mạng lưới khách hàng, mở rộng các quan hệ từ phân khúc khách hàng hiện hữu, thực hiện bán/ bán chéo sản phẩm để tối ưu hóa lợi ích của khách hàng và đạt được các chỉ tiêu kinh doanh được giao. Tìm kiếm, phát triển các khách hàng tiềm năng; Khai thác thông tin, phân tích và đánh giá nhu cầu khách hàng để hiểu mục tiêu tài chính toàn diện của khách hàng dựa trên am hiểu khách hàng. Chăm sóc giao dịch, tư vấn giải pháp, đề xuất các sản phẩm dịch vụ phù hợp với mục tiêu, nhu cầu tài chính và phong cách sống của khách hàng; Tiếp nhận các yêu cầu về giao dịch của khách hàng, phối hợp với các bộ phận liên quan đảm bảo thực hiện giao dịch và yêu cầu của khách hàng một cách nhanh chóng, cung cấp dịch vụ tổng thể cho khách hàng đáp ứng tối đa các nhu cầu giao dịch, tiết kiệm, đầu tư, ngân hàng điện tử, thẻ, bảo hiểm... của khách hàng nhằm đưa đến trải nghiêm dịch vụ tốt nhất cho khách hàng; Thực hiện công việc theo đúng chính sách, quy định, quy trình, hướng dẫn nội bộ và tuân thủ tiêu chuẩn chất lượng dịch vụ của Ngân hàng theo từng thời kỳ; Thực hiện các nhiệm vụ khác theo sự phân công của Trưởng Đơn vị.";https://cdn1.vieclam24h.vn/images/default/2023/12/01/logo BVBANK-01_170142131812.png
Chuyên Viên Quan Hệ Khách Hàng Cá Nhân;8 - 15 triệu;22/02/2024;Ngân hàng Bản Việt hiện đang tuyển dụng vị trí này tại Lâm Đồng (Bảo Lộc) và Đồng Tháp (Sa Đéc). ------------------------- Phát triển kinh doanh: Thực hiện chỉ tiêu bán hàng theo danh mục các sản phẩm dành cho KHCN Chủ động mở rộng tập khách hàng mới, khách hàng tiềm năng có chất lượng nhằm tư vấn và khai thác nhu cầu sử dụng các sản phẩm dịch vụ tại Bản Việt Phát triển mối quan hệ với khách hàng hiện hữu thông qua tối đa sử dụng bộ sản phẩm toàn diện, duy trì sự gắn kết và đáp ứng kịp thời nhu cầu của khách hàng Thẩm định, đề xuất cấp tín dụng và cơ cấu lại các hồ sơ cấp tín dụng cho khách hàng Tăng cường bán chéo sản phẩm Báo cáo công việc, cập nhật thông tin khách hàng đầy đủ và chính xác theo quy định Đảm bảo chất lượng dịch vụ Tuân thủ và kiểm soát rủi ro;https://cdn1.vieclam24h.vn/images/default/2023/12/01/logo BVBANK-01_170142131812.png
Giao Dịch Viên;7.5 - 9 triệu;22/02/2024;Ngân hàng Bản Việt hiện đang tuyển dụng vị trí này tại Lâm Đồng (Bảo Lộc), Bình Phước (Phước Long) và Đồng Tháp (Sa Đéc). -------------------------- Thực hiện nghiệp vụ giao dịch tại quầy. Giao dịch gửi tiền, rút tiền, chuyển khoản Quản lý tài khoản tiền gửi, sổ tiết kiệm, sản phẩm ebanking Thu đổi séc du lịch, séc nước ngoài phát hành, mua/bán/chuyển đổi ngoại tệ Thực hiện giải ngân, thu nợ tiền vay, phát hành thẻ, thu phí dịch vụ từ tài khoản khách hàng Báo cáo công việc, cập nhật và hạch toán thông tin giao dịch đầy đủ và chính xác theo quy định Phát triển kinh doanh Chủ động phát triển mối quan hệ với khách hàng mới, khách hàng tiềm năng, khách hàng hiện hữu có chất lượng nhằm tư vấn và khai thác tối đa nhu cầu sử dụng các sản phẩm dịch vụ tại Bản Việt Bán chéo sản phẩm Đảm bảo chất lượng dịch vụ Tuân thủ, lưu trữ, kiểm soát hồ sơ chứng từ theo quy định;https://cdn1.vieclam24h.vn/images/default/2023/12/01/logo BVBANK-01_170142131812.png
Kiểm Soát Viên;10 - 20 triệu;22/02/2024;BVBank hiện đang tuyển dụng vị trí này tại Lâm Đồng (Bảo Lộc), Bình Phước (Phước Long), Đồng Tháp (Sa Đéc), Thanh Hoá (Lam Sơn) và Tây Ninh (Tân Biên). ------------------ Triển khai và kiểm soát hoạt động tư vấn, bán hàng tại quầy, xử lý nghiệp vụ giao dịch liên nhằm đảm bảo vận hành chính xác, an toàn, đáp ứng nhu cầu kịp thời của khách hàng Tổ chức thực hiện, giám sát, điều phối khu vực quầy giao dịch Tư vấn, giải đáp thông tin khách hàng, chăm sóc khách hàng và bán hàng tại quầy. Kiểm soát các thủ tục giao dịch, lưu trữ hồ sơ thông tin khách hàng Triển khai, tổ chức các hoạt động về kế toán, hậu kiểm chứng từ Triển khai, giám sát các giao dịch thu chi tiền mặt, quản lý ấn chỉ, ấn phẩm;https://cdn1.vieclam24h.vn/images/default/2023/12/01/logo BVBANK-01_170142131812.png
Miền Đông - Chuyên Viên Quan Hệ Khách Hàng Cá Nhân;8 - 15 triệu;22/02/2024;Ngân hàng Bản Việt hiện đang tuyển dụng vị trí này tại Bình Phước (Phước Long) và Vũng Tàu. ------------------------- Phát triển kinh doanh: Thực hiện chỉ tiêu bán hàng theo danh mục các sản phẩm dành cho KHCN Chủ động mở rộng tập khách hàng mới, khách hàng tiềm năng có chất lượng nhằm tư vấn và khai thác nhu cầu sử dụng các sản phẩm dịch vụ tại Bản Việt Phát triển mối quan hệ với khách hàng hiện hữu thông qua tối đa sử dụng bộ sản phẩm toàn diện, duy trì sự gắn kết và đáp ứng kịp thời nhu cầu của khách hàng Thẩm định, đề xuất cấp tín dụng và cơ cấu lại các hồ sơ cấp tín dụng cho khách hàng Tăng cường bán chéo sản phẩm Báo cáo công việc, cập nhật thông tin khách hàng đầy đủ và chính xác theo quy định Đảm bảo chất lượng dịch vụ Tuân thủ và kiểm soát rủi ro;https://cdn1.vieclam24h.vn/images/default/2023/12/01/logo BVBANK-01_170142131812.png
HCM - Chuyên Viên Quan Hệ Khách Hàng Cá Nhân;8 - 15 triệu;22/02/2024;Ngân hàng Bản Việt hiện đang tuyển dụng vị trí này tại Hồ Chí Minh. ------------------------- Phát triển kinh doanh: Thực hiện chỉ tiêu bán hàng theo danh mục các sản phẩm dành cho KHCN Chủ động mở rộng tập khách hàng mới, khách hàng tiềm năng có chất lượng nhằm tư vấn và khai thác nhu cầu sử dụng các sản phẩm dịch vụ tại Bản Việt Phát triển mối quan hệ với khách hàng hiện hữu thông qua tối đa sử dụng bộ sản phẩm toàn diện, duy trì sự gắn kết và đáp ứng kịp thời nhu cầu của khách hàng Thẩm định, đề xuất cấp tín dụng và cơ cấu lại các hồ sơ cấp tín dụng cho khách hàng Tăng cường bán chéo sản phẩm Báo cáo công việc, cập nhật thông tin khách hàng đầy đủ và chính xác theo quy định Đảm bảo chất lượng dịch vụ. Tuân thủ và kiểm soát rủi ro;https://cdn1.vieclam24h.vn/images/default/2023/12/01/logo BVBANK-01_170142131812.png
Kế Toán Trưởng (Thành Thạo Tiếng Trung) Thu Nhập 20-30Tr;20 - 30 triệu;20/02/2024;- Quản lý chung mọi hoạt động có liên quan đến lĩnh vực tài chính, kế toán. - Thu thập, tiếp nhận hoặc yêu cầu các bộ phận liên quan cung cấp đủ tài liệu, chứng từ, hóa đơn liên quan đến mọi khoản thu, chi phí hoạt động sản xuất kinh doanh của công ty. - Chịu trách nhiệm về các báo cáo thuế, báo cáo hóa đơn, báo cáo tài chính của công ty. - Thiết lập đầy đủ và gửi đúng hạn các báo cáo kế toán, thống kê và quyết toán theo quy định của Nhà nước. - Kiểm tra việc bảo quản, lưu trữ các tài liệu kế toán, giữ bí mật các tài liệu và số liệu kế toán bí mật của công ty. - Phân công và chỉ đạo trực tiếp tất cả các kế toán viên của công ty. - Tuân thủ quy định về chế độ kế toán, báo cáo tài chính của Công ty. - Cung cấp thông tin số liệu kế toán theo quy định của pháp luật. - Các công việc khác theo chỉ đạo của cấp trên. - Làm việc từ thứ 2 đến sáng thứ 7;https://cdn1.vieclam24h.vn/images/employer_avatar/2022/05/04/images/165165551882.jpeg
Kỹ Sư Cơ Điện (Điều Hòa, Điện, Thiết Kế) Thu Nhập 10-15Tr;10 - 15 triệu;19/02/2024;Thiết kế hoặc giám sát quản lý thi công các hạng mục công việc liên quan đến các hệ thống cơ điện/điều hòa,... Triển khai bản vẽ thi công, máy móc dụng cụ thi công... phục vụ cho công tác thi công. Kiểm tra vật tư đầu vào, hỗ trợ tìm thầu phụ báo giá Các công việc chi tiết khác sẽ được trao đổi khi phỏng vấn Làm việc từ thứ 2 đến sáng thứ 7, nghỉ chiều thứ 7 và chủ nhật.;https://cdn1.vieclam24h.vn/images/employer_avatar/2022/05/04/images/165165551882.jpeg
Nhân Viên Tập Sự Khách Hàng Cá Nhân;7 - 15 triệu;19/02/2024;Tìm kiếm và phát triển khách hàng cá nhân Hổ trợ và thu thập thông tin khách hàng, hoàn thiện các thủ tục cung cấp sản phẩm dịch vụ khách hàng theo quy định TPBank Tham gia công việc của ĐVKD nhằm góp phần tăng chất lượng, hiệu quả kinh doanh, hoạt động của đơn vị và doanh thu hoạt động (TOI) từ nhóm KH được giao. Cập nhập theo dõi tình trạng khách hàng Thực hiện các công việc khác có liên quan theo yêu cầu của Giám Đốc ĐVKD;https://cdn1.vieclam24h.vn/images/employer_avatar/2024/02/17/6ad1795cdc8fdd5b5f914ede9a71bca0_4096992_vieclam24h_1578371417_170813895964.png
Trưởng Nhóm Khách Hàng Cá Nhân - Trung Tâm Bán;15 - 30 triệu;19/02/2024;Xây dựng và triển khai thực hiện chỉ tiêu kinh doanh được giao cho Nhóm và của cá nhân Quản lý, tư vấn, đào tạo và giám sát đội ngũ Chuyên viên, Nhân viên, Cộng tác viên thuộc phạm vi quản lý trong việc bán các sản phẩm Ngân hàng cá nhân gồm: sản phẩm cho vay, thẻ tín dụng, tài khoản trả lương, tài khoản thanh toán cá nhân Phát triển nguồn khách hàng, xây dựng mối quan hệ tốt với các đối tác trong địa bàn hoạt động,.. Kiểm tra, đôn đốc, hỗ trợ công tác bán hàng của các thành viên đảm bảo Nhóm tuân thủ chặt chẽ về chất lượng dịch vụ, chất lượng tín dụng và quy trình Chịu trách nhiệm trước Giám đốc kinh doanh về chỉ tiêu Nhóm được giao Thực hiện các công việc khác theo sự phân công của Trưởng đơn vị;https://cdn1.vieclam24h.vn/images/employer_avatar/2024/02/17/6ad1795cdc8fdd5b5f914ede9a71bca0_4096992_vieclam24h_1578371417_170813895964.png
Chuyên Viên Kinh Doanh (Thu Nhập 15 - 20 Triệu);15 - 20 triệu;15/02/2024;Tìm kiếm nguồn khách hàng mới và khai thác khách hàng tiềm năng. Trao đổi, tư vấn khách hàng về giải pháp quản lý vốn để tối ưu lợi nhuận cho khách hàng. Tiếp nhận và xử lý những phản hồi của khách hàng, đưa ra những giải pháp hợp lý. Chăm sóc Khách hàng, duy trì, phát triển và mở rộng các mối quan hệ với khách hàng;https://cdn1.vieclam24h.vn/images/default/2023/05/29/logo GFDI G_168532657498.png
Trưởng Nhóm Kinh Doanh Ngành Tài Chính - Khu Vực Miền Tây;17 - 25 triệu;01/02/2024;- Trực tiếp tuyển dụng nhân viên và quản lý nhóm từ 10-15 Nhân viên bán hàng trực tiếp. - Hỗ trợ, giám sát Sales trong hoạt động kinh doanh nhằm đảm bảo đạt chỉ tiêu doanh số của team. - Hỗ trợ và hướng dẫn Sale chuẩn bị hồ sơ, thủ tục vay vốn cho khách hàng. - Lên kế hoạch doanh số cho từng nhân viên và kế hoạch cho team làm việc ngoài thị trường nhằm phát triển và mở rộng thị trường tiềm năng. - Giám sát công việc hằng ngày của Sale. - Thực hiện báo cáo tuần, tháng, quý cho cấp quản lý;https://cdn1.vieclam24h.vn/tvn/images/default/2021/02/18/images/161364535223.png
