Nhân Viên Quản Lý, Phát Triển Kênh Youtube;7 - 15 triệu;28/02/2024;- Phát triển và quản lý kênh Youtube của công ty. - Xây dựng chiến lược nội dung thu hút người xem và tăng lượng subscribe. - Phân tích hiệu quả kênh Youtube và báo cáo kết quả định kỳ. - Thực hiện các công việc khác theo yêu cầu của cấp trên.;https://cdn1.vieclam24h.vn/images/employer_avatar/2024/02/28/cgt_170909194716.jpg
Chuyên Viên Design Marketing - Khu Vực Bình Tân (Đi Làm Ngay);10 - 15 triệu;08/03/2024;1. Thiết kế bao bì: Phối hợp với bộ phận liên quan triển khai lên ý tưởng để thiết kế mẫu mã, bao bì sản phẩm của công ty, đảm bảo đặc điểm nhận dạng thương hiệu doanh nghiệp. Chịu trách nhiệm thực hiện việc chỉnh sửa để đưa ra thiết kế hoàn thiện. 2. Thiết kế nhận diện thương hiệu: Thiết kế bộ nhận diện thương hiệu của công ty: logo, slogan, profile, brochure, catalogue, danh thiếp,….. Thiết kế các vật phẩm in ấn: poster, bandroll, tờ rơi, standee 3. Social Marketing Thiết kế các mẫu quảng cáo trên kênh Social marketing (website, facebook, youtube…) như facebook post, flash banner, popup,website, clip… Thực hiện chụp ảnh, quay và chỉnh video… Thực hiện các công việc khác theo yêu cầu của cấp trên, quản lý. Biết phần mềm dựng 3D là một lợi thế Biết quay dựng video chuyên nghiệp là một lợi thế Có khả năng sử dụng, tùy chỉnh website, ladipage,….là một lợi thế ĐỊA ĐIỂM LÀM VIỆC : 15-17 đường 57A, Khu Phố 9, Phường Tân Tạo, Quận Bình Tân, Thành phố Hồ Chí Minh, Việt Nam THỜI GIAN LÀM VIỆC : giờ hành chính;https://cdn1.vieclam24h.vn/tvn/images/default/2021/03/18/images/161606081581.jpeg
Trưởng Phòng Marketing - Lương Trên 30 Triệu - Tại Hà Nội;20 - 30 triệu;07/03/2024;Xây dựng chiến lược MKT & Triển Khai các hoạt động truyền thông, quảng cáo và các chiến dịch marketing online, offline Xây dựng, quản lý các kênh truyền thông số Digital Marketing: Xây dựng, quản lý và điều phối các hoạt động Event Quản lý hoạt động phòng Marketing & phát triển đội ngũ Báo cáo, quản lý ngân sách Marketing: Xây dựng quy trình, quy định của phòng Thực hiện các công việc khác theo sự phân công của Ban Giám Đốc;https://cdn1.vieclam24h.vn/images/employer_avatar/2024/03/07/Logo CG new-01_170978424398.png
Chuyên Viên Tiếp Thị Truyền Thông (Marketing Executive);16 - 20 triệu;27/02/2024;- Lập kế hoạch triển khai, thực thi, điều hành các kế hoạch về Marketing, có thể lập kế hoạch, duyệt kế hoạch content, xây dựng kế hoạch. Lĩnh vực: Sản xuất đồ dùng, đồ tiêu dùng (chuyên ngành Mẹ Bé) - Lên kế hoạch triển khai chiến dịch quảng cáo về thương hiệu, tìm kiếm khách hàng tiềm năng trên các kênh Digital (Facebook Ads, Google Ads, Tiktok Ads, ...). - Đẩy mạnh nội dung trên mạng xã hội như Facebook, Tiktok, Youtube...về hình ảnh, nội dung (content), video. - Xây dựng nội dung thương hiệu đồng bộ trên cách kênh: website, blog bài viết, email, video, phương tiện truyền thông xã hội, chiến dịch quảng cáo, báo chí, … - Xây dựng kế hoạch, thực hiện, theo dõi, báo cáo hoạt động truyền thông và chỉ tiêu KPI theo tuần, tháng, quý, năm.;https://cdn1.vieclam24h.vn/images/default/2024/02/27/Logo AUTORU - 010121_02 Logo & Slogan_170900370785.png
Nhân Viên Thiết Kế Đồ Họa (Graphic Designer);10 - 16 triệu;27/02/2024;- Truyền thông online: Social media post, Banner website, Promotion, E-commerce,… - Truyền thông offline: Bảng hiệu, Lai bạt, Bảng quảng cáo, Standee, Backdrop… - Các POSM cho sản phẩm: Bao bì, Tem nhãn, Catalogue, Brochure, Slideshow,… - Ấn phẩm theo nhận diện thương hiệu Công ty: Company profile, Namecard, Letter head,… - Chỉnh sửa, hậu kỳ hình ảnh/video sản phẩm - Theo dõi, chịu trách nhiệm với ấn phẩm - Phối hợp với các bộ phận liên quan để triển khai xây dựng hình ảnh, quảng bá thương hiệu, tài liệu tiếp thị và truyền thông nội bộ - Các công việc khác theo chỉ đạo của cấp trên;https://cdn1.vieclam24h.vn/images/default/2024/02/27/Logo AUTORU - 010121_02 Logo & Slogan_170900370785.png
Nhân Viên Kinh Doanh Thiết Bị Điện;8 - 20 triệu;07/03/2024;- Chăm sóc khách hàng cũ và mở khách mới. - Giới thiệu và triển khai chương trình thưởng cho khách hàng. - Xây dựng và duy trì mối quan hệ tốt với khách hàng. - Bán hàng theo Data có sẵn - Lập kế hoạch làm việc và báo cáo theo tuần,tháng. Sản phẩm: thiết bị điện như bóng đèn, cầu dao, phích cắm, ổ cắm điện...;https://cdn1.vieclam24h.vn/tvn/images/old_employer_avatar/images/9ac130054ba3a8371b66eb962e7de0db_57b16080c22fb_1471242368.png
Nhân Viên Kinh Doanh;10 - 20 triệu;28/02/2024;- Phụ trách các khách hàng hiện có và phát triển khách hàng mới. - Tổ chức lịch công tác tới khu vực được giao, nắm bắt danh sách đại lý tại khu vực, chăm sóc khách hàng đại lý, nắm bắt đối thủ cạnh tranh. - Nhận các khiếu nại của khách hàng về chất lượng sản phẩm, thời gian giao hàng. - Phối hợp với các phòng ban để giải quyết đơn hàng, công nợ trên khu vực mình phụ trách. - Tổng hợp các báo cáo bán hàng theo tuần, tháng, quý. - Tham gia xây dựng và thực hiện chiến lược kinh doanh mở rộng thị trường. - Theo dõi các chương trình khuyến mại, hỗ trợ khách hàng. - Biết đánh giá tình hình thị trường có thể tham mưu cho công ty chính sách bán hàng mới. - Biết hỗ trợ kỹ thuật nếu cần. - Hình thức xác định thu nhập (lương cố định + khoán doanh số bán hàng).;https://cdn1.vieclam24h.vn/images/employer_avatar/2022/08/18/images/166078605244.png
Nhân Viên Kinh Doanh Sơn (Không Đi Thị Trường);8 - 20 triệu;04/03/2024;SALE DỰ ÁN KHÔNG ĐI THỊ TRƯỜNG Giới thiệu, tư vấn các sản phẩm sơn của công ty đến với khách hàng trong nước và nước ngoài. Tìm kiếm khách hàng mới, phát triển thị trường. Mở rộng đại lý trong nước kế hoạch thị trường Đông Nam Á. Thực hiện các chiến dịch kinh doanh, quảng cáo cho các sản phẩm hiện trên nền tảng Zalo, Facebook, Google, Tiktok …. Đàm phán, ký kết hợp đồng với khách hàng. Duy trì và phát triển những mối quan hệ kinh doanh hiện có. Thực hiện các công việc khác theo yêu cầu của cấp trên. Nơi làm việc: Số 7A Trần Quang Khải, Kp Đông B, P. Đông Hoà, TP. Dĩ An, Tỉnh Bình Dương;https://cdn1.vieclam24h.vn/images/employer_avatar/2023/07/28/LOGO-APP-PAINT_169053482817.png
Nhân Viên Marketing;15 - 17 triệu;08/03/2024;Chuyên về facebook marketing bao gồm xây dựng nhân hiệu trên facebook và quảng cáo facebook Phân tích, đánh giá và tối ưu hóa hiệu quả quảng cáo Phát triển ý tưởng và xây dựng nội dung kênh tiktok Phân tích hành viên khách hàng đưa ra chiến lược phù hợp Đề xuất ý tưởng nội dung trên 2 kênh facebook và tiktok Xây dựng và quản lý hệ thống fanpage với sản phẩm được giao;/img/vieclam24h_logo_customer.jpg
Nhân Viên Hỗ Trợ Kinh Doanh (Sale Admin) - Bình Tân;8 - 14 triệu;04/03/2024;1. Thực hiên hoạt động bán hàng các sản phẩm của công ty: Tư vấn về các sản phẩm và giải đáp thắc mắc từ khách hàng. Chuẩn bị báo giá và gửi cho khách hàng theo yêu cầu. Lên đơn đặt hàng hoặc hợp đồng kinh tế liên quan. Theo dõi tiến độ xử lý đơn hàng, từ khi nhận đặt hàng đến khi hoàn tất đơn hàng. Đảm bảo thông tin đơn hàng được cập nhật chính xác trong hệ thống, bao gồm thông tin sản phẩm, số lượng, giá cả, và các điều khoản giao dịch khác. 2. Quản lý hồ sơ khách hàng, bao gồm: thông tin cá nhân, hợp đồng, đơn hàng và lịch sử mua hàng. 3. Các công việc theo sự chỉ đạo từ BGĐ. Thời gian làm việc: Thứ 2 – Thứ 7 (từ 07h30 – 17h00, nghỉ trưa 11h30 – 13h00, Thứ 7 nghỉ lúc 15g) Địa điểm: 411 Trần Văn Giàu, Phường Bình Trị Đông B, Quận Bình Tân;https://cdn1.vieclam24h.vn/upload/files_cua_nguoi_dung/logo/2016/04/08/1460077851_logo.jpg
Nhân Viên Digital Marketing;12 - 20 triệu;29/02/2024;- Quản lý đăng bài Website, fanpage và các kênh truyền thông của công ty. - Nghiên cứu thị trường, khách hàng và đối thủ cạnh tranh để hiểu rõ nhu cầu, thói quen và xu hướng của người tiêu dùng. - Lên ý tưởng, viết, biên tập và đăng tải các nội dung hấp dẫn, thuyết phục và tương tác cao cho các kênh truyền thông của công ty, bao gồm website, youtube, blog, fanpage, email, brochure, banner, video, podcast, ... - Thảo luận, làm việc nhóm và xây dựng ý tưởng cho các chiến dịch marketing sáng tạo. - Quay dựng, chỉnh sửa video cho các chiến dịch marketing, quảng cáo, giới thiệu sản phẩm, hướng dẫn sử dụng, ... trên các kênh online như Website, Facebook, Youtube, ... - Thiết kế đồ họa cho các nội dung truyền thông như banner, poster, logo, brochure, catalogue, ... - Cập nhật xu hướng và thị hiếu của khách hàng để tạo ra các nội dung video và đồ họa phù hợp và thu hút. - Thực hiện, phân tích và báo cáo hiệu quả của các chiến dịch Marketing và đề xuất các giải pháp cải tiến liên tục. - Đảm nhận các nhiệm vụ độc lập trong kế hoạch marketing được phân công. - Địa điểm làm việc: Số 68/87 Nguyễn Phong Sắc, Cầu Giấy, Hà Nội.;https://cdn1.vieclam24h.vn/upload/files_cua_nguoi_dung/logo/2016/04/22/1461301143_logosivi300x300.gif
Nhân Viên Kinh Doanh Nguồn Hàng Trung Quốc Shopee, Lazada (Thu Nhập Tới 35 Triệu);8 - 35 triệu;20/02/2024;+ Tìm và tư vấn cho khách hàng, shop bán hàng trên các trang shopee, lazada,...cần nhập hàng Trung Quốc (Taobao, 1688, tmall...) + Gọi điện, nhắn tin để chốt đơn hàng, nhận đơn, báo giá đơn hàng cho khách + Theo dõi quá trình đơn hàng từ lúc lên đơn, báo giá, đặt cọc + Xử lý các vấn đề phát sinh liên quan đến đơn hàng + Phối hợp với bộ phận CSKH, mua hàng để hoàn thành đơn đặt cho khách. + Trao đổi cụ thể trong quá trình phỏng vấn.;https://cdn1.vieclam24h.vn/images/employer_avatar/2022/05/30/images/165388430563.jpeg
Nhân Viên Event Marketing;12 - 16 triệu;29/02/2024;- Phối hợp làm việc cùng team để xây dựng ý tưởng, nội dung, kịch bản, kế hoạch cho từng chương trình, sự kiện với chiến lược và ngân sách dưới sự giám sát và hỗ trợ của EM. - Lên kế hoạch triển khai: execution plan, action plan, check-list… phù hợp cho từng dự án. - Làm việc trực tiếp theo yêu cầu của Manager. - Đi tiền trạm/site - check với Manager/Thiết kế cùng với các nhà cung cấp liên quan (nếu cần thiết).. - Tìm kiếm và cập nhật danh sách nhà Agency, suplier, nhân sự.... - Kiểm tra tính hợp lý và chuẩn xác của các hạng mục công việc chi tiết: check-list, action plan, bản vẽ kỹ thuật…. - Theo sát công việc của các nhà cung cấp nhằm đảm bảo chất lượng dịch vụ và sản phẩm cung cấp trong chương trình sự kiện - Chạy các chương trình sự kiện Nội bộ theo sự phân công và điều động của Manager - Đảm bảo các loại giấy tờ như hợp đồng, tạm ứng, thanh quyết toán, thanh lý,… hoàn tất đúng hạn. - Báo cáo công việc hàng tuần cho Manager. Thời gian làm việc : 8h00-17h30 thứ 2 đến thứ 7 (nghỉ trưa 1h30p);https://cdn1.vieclam24h.vn/tvn/images/employer_avatar/2021/02/19/images/161373020283.png
Nhân Viên Sale Thị Trường Tp.HCM;9 - 20 triệu;07/03/2024;Chăm sóc khách hàng cũ. Khai thác và tìm kiếm khách hàng tiềm năng, thiết lập duy trì quan hệ với khách hàng. Nắm bắt thông tin đối thủ cạnh tranh, cập nhật thông tin thị trường, nhu cầu của khách hàng, đề xuất giải pháp chương trình bán hàng phù hợp. Thực hiện công việc theo sự phân công của cấp trên.;https://cdn1.vieclam24h.vn/company-logo-medium/042018/CvZqYGxWHnPUTH6PiPlJAEzhc0wOQGYrQrWCLud9.jpeg
Nhân Viên Kinh Doanh (Thu Nhập 10-20 Triệu);10 - 20 triệu;08/03/2024;- Tìm kiếm, khai thác nhu cầu khách hàng - Chăm sóc khách hàng - Triển khai thực hiện hợp đồng với khách hàng - Phối hợp với bộ phận Marketing triển khai các hoạt động quảng bá, giới thiệu sản phẩm đến với khách hàng.;https://cdn1.vieclam24h.vn/upload/files_cua_nguoi_dung/logo/2019/03/12/1552377705_Logo__sa.png
Trưởng Phòng Marketing (Lương 20 - 30Triệu / Tháng) Tại Quận 7 - Đi Làm Ngay;20 - 30 triệu;28/02/2024;"- Xây dựng và hoạch định chiến lược Marketing ngắn hạn và dài hạn theo định hướng của Ban lãnh đạo, có những điều chỉnh phù hợp theo thay đổi của thị trường. - Triển khai các chiến dịch quảng bá và xây dựng thương hiệu qua các kênh Offline và Online như SEO/SEM, Online Advertising, Email Marketing, Mobile Marketing, Social Media, Affiliate Marketing… - Nghiên cứu xu thế Marketing trong lĩnh vực, thực hiện phân tích, đánh giá đối thủ cạnh tranh, khách hàng tiềm năng, từ đó đề xuất chiến lược phát triển ngắn hạn và dài hạn. - Lên kế hoạch, ngân sách cho các hoạt động Marketing, kiểm soát và đảm bảo ngân sách được sử dụng một cách hiệu quả. - Quản lý và phát triển hệ thống Website của công ty nhằm thu hút và chuyển đổi nhóm khách hàng mục tiêu. - Nghiên cứu và phát triển sản phẩm mới, chính sách giá cạnh tranh và mang lại hiệu quả. - Giám sát và phê duyệt tài liệu Marketing, như Banner, Brochure, Video,... - Quản lý và chịu trách nhiệm mọi hoạt động của phòng Marketing, phân công công việc, giám sát việc triển khai và kiểm soát hiệu quả; định hướng phát triển, đào tạo đối với nhân viên thuộc phòng Marketing. - Cập nhật thường xuyên kết quả & phân tích hiệu quả các hoạt động Marketing cho Ban Giám đốc. - Thực hiện các công việc khác theo chỉ đạo của Ban Giám đốc.";https://cdn1.vieclam24h.vn/images/default/2024/02/28/logo vuong_170908907346.png
Nhân Viên Kinh Doanh Máy Nén Khí - Thiết Bị Công Nghiệp Tại HCM;7 - 16 triệu;29/02/2024;- Tìm kiếm khách hàng tiềm năng theo data có sẵn, liên hệ qua điện thoại - có gặp khách hàng nếu cần. - Tư vấn, chăm sóc chu đáo và thuyết phục khách hàng mới và khách hàng cũ. - Phối hợp với phòng Marketing và phòng Dự Án để tư vấn sản phẩm đến với khách hàng. - Quản lý, thực thi và báo cáo về hiệu quả công việc đã thực hiện - Nam: kinh doanh về lò hơi - Làm việc tại HCM - Số lượng: 5 - Nữ : kinh doanh máy nén khí Làm việc tại văn phòng Quận 9, HCM, Số lượng: 10 - Làm việc tại: KDC Tăng Long Garden, Đường A4, Kp. Ích Thạnh, P. Trường Thạnh, Q.9, Tp.HCM;https://cdn1.vieclam24h.vn/images/employer_avatar/2022/08/03/images/165950940969.jpeg
Nhân Viên Kinh Doanh Thiết Bị Lò Hơi (Lương Cứng Trên 10 Triệu - Hà Nội);10 - 30 triệu;05/03/2024;- Bán hàng giới thiệu sản phẩm đến với khách hàng tìm năng - Hiểu rõ và thuộc tính năng, giá, ưu nhược điểm của sản phẩm, sản phẩm tương tự, sản phẩm của đối thủ cạnh tranh. - Nắm được quy trình tiếp xúc khách hàng, quy trình xử lý khiếu nại thông tin, quy trình nhận và giải quyết thông tin khách hàng, ghi nhận đầy đủ theo các biểu mẫu - Báo cáo nội dung tiếp xúc khách hàng trong ngày cho Trưởng Phòng. - Trực tiếp thực hiện, đốc thúc thực hiện hợp đồng. - Nhận và xử lý các khiếu nại của khách hàng về chất lượng sản phẩm, thời gian giao hàng…. - Thực hiện khác theo sự chỉ đạo của Trưởng phòng yêu cầu công việc… - Công việc sẽ trao đổi cụ thể hơn khi phỏng vấn . - Không yêu cầu kinh nghiệm, có kinh nghiệm là một lợi thế;https://cdn1.vieclam24h.vn/images/employer_avatar/2022/08/03/images/165950940969.jpeg
Chuyên Viên Tổ Chức Sự Kiện (Nữ) Account Manager;15 - 20 triệu;28/02/2024;"- Quản lý, chăm sóc và phát triển nguồn khách hàng. - Báo giá từng dự án theo giải pháp đưa ra hoặc theo yêu cầu khách hàng. - Nắm rõ và truyền đạt yêu cầu hệ thống thiết bị từ khách hàng đến team cũng như hỗ trợ các thành viên trong team gửi thắc mắc đến khách hàng và theo dõi xử lý, giải quyết các vướng mắc; - Phân tích báo cáo, theo dõi kế hoạch để kiểm soát chất lượng show, event và đưa ra các ý tưởng để cải tiến; đánh giá và quản lý các rủi ro khi thi công thiết bị; - Đảm bảo việc thi công thiết bị tại show, event diễn ra đúng tiến độ trong phạm vi thời gian và ngân sách cho phép - Kiểm tra, xác nhận các task được hoàn thành trước khi phát hành bản demo, bản chính thức của sản phẩm, quản lý các file, danh sách liên quan tới công việc; quản lý lịch họp với khách hàng;";https://cdn1.vieclam24h.vn/tvn/images/default/2022/04/07/images/164930356521.png
Graphic Designer - Video Editor (Làm Việc Tại Hà Nội);10 - 15 triệu;02/03/2024;- Lập kế hoạch cảnh quay - Quay cảnh theo yêu cầu - Ghi lại cảnh quay chất lượng từ một vị trí cố định hoặc di chuyển - Chỉnh sửa cảnh quay - Lưu tất cả cảnh quay thô vào máy tính, dùng các phần mềm biên tập, dựng video chuyên nghiệp để cắt ghép, chỉnh sửa - Hoàn thiện video với chất lượng hình ảnh và nội dung tốt nhất, hợp lý nhất - Báo cáo kết quả định kỳ 1 tuần 1 lần - Phối hợp với content MKT sản xuất hình ảnh, video - Edit các hình ảnh dựa trên plan của content marketing - Đề xuất plan xây dựng hình ảnh để phù hợp với định hướng của công ty - Thời gian làm việc từ thứ 2 đến thứ 7 (Hiện tại chiều T7 được nghỉ);https://cdn1.vieclam24h.vn/images/employer_avatar/2023/09/27/logo_169580325039.png
Nhân Viên Content Marketing;9 - 12 triệu;02/03/2024;+ Xây dựng nội dung cho từ khoá và bài viết cuẩn Seo + Nội dung bài viết dựa theo lĩnh vực kinh doanh của Công ty hoặc theo chủ để + Xây dựng plan mkt hàng tháng +Lên tuyến nội dung rõ ràng để phát triển theo định hướng branding của công ty + Báo cáo kết quả định kỳ 1 tuần 1 lần - Thời gian làm việc từ thứ 2 đến thứ 7 (Hiện tại chiều T7 được nghỉ);https://cdn1.vieclam24h.vn/images/employer_avatar/2023/09/27/logo_169580325039.png
Digital Marketing Executive;10 - 18 triệu;04/03/2024;Trực tiếp lên kế hoạch chi tiết và tổ chức triển kahi các chương trình, kế hoạch Digital Marketing đa kênh: Display Ad, Facebook Ad, Google Ad, Tiktok, Seeding, Youtube… Phân tích thông tin chi tiết và xây dựng báo cáo về tất cả các khía cạnh của phương tiện truyền thông bao gồm khán giả, lưu lượng truy cập, lượt xem, số lần nhấp, thứ hạng, v.v. Trực tiếp cài đặt, tạo các chiến dịch quảng cáo Facebook, Google, Tiktok … Kiểm soát, quản lý và tối ưu hiệu quả các công cụ digital cho các chiến dịch. Đo lường và báo cáo đánh giá hiệu quả trên các kênh/Công cụ đã triển khai. Nắm rõ quy định kỹ thuật của từng kênh digital để tối ưu hóa nội dung, hình ảnh và chất lượng quảng cáo. Quản lý và sử dụng ngân sách Digital marketing đúng và hiệu quả trong phạm vi ngân sách được duyệt. Phối hợp với bộ phận thiết kế để thực hiện các mẫu quảng cáo online (banner, landing page, post facebook …) Tìm kiếm, quản lý các đối tác quảng cáo, thiết kế web, hình ảnh. Thường xuyên cập nhật các hoạt động của đối thủ. Quản lý hệ thống CRM/ CDP của công ty để tối ưu dữ liệu data, gia tăng tỷ lệ chuyển đổi triển khai các chiến dịch Marketing và tăng điểm trải nghiệm hành trình mua hàng của khách hàng Tính kỷ luật cao, có khả năng làm việc nhóm và làm việc độc lập, có khả năng làm việc với áp lực cao, tiến độ gấp và sẵn sàng làm Overtime vào các thời điểm yêu cầu gấp. Thực hiện các công việc khác do Cấp trên giao;https://cdn1.vieclam24h.vn/images/default/2024/03/05/HINH_170961407029.jpg
Kế Toán Kho;9 - 10 triệu;04/03/2024;- Theo dõi cập nhật Nhập - xuất - tồn kho HCM - Báo cáo tồn kho toàn hệ thống (gửi 3 lần/tuần) - In đơn hàng khách lẻ, online, online đối tác từ kho HCM - Lên đơn hàng B2B, hệ thống từ kho HCM - In tem giá cho cửa hàng (Nếu có) - Hoàn thành đơn hàng online, xuất hàng gửi vận chuyển - Nhận phiếu chuyển trên phần mềm của đơn hàng online - Cập nhật trả hàng đơn Online, B2B - Các công việc khác phát sinh khi có yêu cầu;https://cdn1.vieclam24h.vn/images/default/2024/03/05/HINH_170961407029.jpg
Nhân Viên Kinh Doanh;30 - 40 triệu;27/02/2024;- Chịu trách nhiệm quản lý kênh Tiktok, Facebook, xây dựng và quản lý gian hàng. - Chịu trách nhiệm về Media Plan của kênh, kết hợp cùng với các kênh social media khác. - Theo dõi thông tin đơn hàng, xử lý khi có vấn đề xảy ra, là cầu nối trao đổi với khách hàng của công ty. - Tìm kiếm nguồn khách hàng mới và keep contact & service các khách hàng cũ (được cung cấp data khách hàng). - Mặt hàng sản phẩm: Đồ điện tử.;https://cdn1.vieclam24h.vn/images/employer_avatar/2023/10/24/z4813079821660_4a5dcd2d58956115d7189dea6a3bf8ae_169813316974.jpg
Nhân Viên Digital Marketing;12 - 15 triệu;27/02/2024;Đề xuất các ý tưởng phát triển các kênh truyền thông cho trường (Bậc Tiểu học). Viết content chuẩn SEO. Có kinh nghiệm quản lý Facebook page, Tiktok, Instagram, …. Chạy quảng cáo hiệu quả các kênh social media. Có khả năng nghiên cứu thị trường, xây dựng chiến lược phát triển truyền thông đa phương tiện. Các công việc khác theo chỉ đạo từ cấp quản lý.;https://cdn1.vieclam24h.vn/images/employer_avatar/2022/02/08/images/164428409560.png
Nhân Viên Kinh Doanh (Q. Gò Vấp);8 - 20 triệu;04/03/2024;Tiếp thị sản phẩm và dịch vụ của công ty: ABB, DODGE và phát triển thị trường. Theo dõi chăm sóc nguồn khách hàng cũ do công ty phân công. Khai thác nguồn khách hàng mới, khách hàng tiềm năng. Chi tiết trao đổi thêm tại buổi phỏng vấn Tham khảo sản phẩm tại Website: https://songnhat.com.VN/;https://cdn1.vieclam24h.vn/tvn/images/old_employer_avatar/images/09553668be180adbf77cbb2d46487486_5a9d0455ccb60_1520239701.jpeg
Trưởng Phòng Marketing;25 - 30 triệu;08/03/2024;- Xây dựng kế hoạch truyền thông đa chiều: Tuần/Tháng/Qúy/Năm - Lên kế hoạch chiến lược MKT online: nghiên cứu từ khóa, phân tích đối thủ - Tham mưu định hướng đầu tư và phát triển MKT cho quảng cáo và PR sản phẩm trên đa kênh: online và offline. Đề xuất phương án sử dụng dịch vụ quảng cáo liên quan. - Quản lý xây dựng dự án Website và hệ thống quảng cáo. - Khai thác nguồn khách hàng từ internet và quản trị nội dung website. Hỗ trợ chăm sóc khách hàng, khảo sát, đánh giá chất lượng dịch vụ - Quản lý team MKT và thực hiện hoạt động đào tạo chuyên môn - Phát triển các phần mềm quản lý và tiện ích công nghệ thông tin - Các công việc khác theo BTGĐ chỉ đạo.;https://cdn1.vieclam24h.vn/upload/files_cua_nguoi_dung/logo/2019/11/07/1573114431_ngoisao.jpg
Nhân Viên Kinh Doanh Thu Nhập Trên 10 Triệu Tại Bình Tân - Đi Làm Ngay;10 - 25 triệu;22/02/2024;Giới thiệu, tư vấn sản phẩm theo nhu cầu của khách hàng Chăm sóc nguồn khách hàng cũ có sẵn, tìm kiếm khách hàng mới và xây dựng nguồn khách hàng tiềm năng. Thực hiện báo cáo công việc, soạn thảo hợp đồng. Thời gian làm việc: Thứ 2 – Thứ 7 (từ 8h00 – 17h00, nghỉ trưa 12h00 – 13h00);https://cdn1.vieclam24h.vn/images/old_employer_avatar/images/2f6e0d942e83ef28ab1fc53b1a5e363a_1458374957_262x262_cong_ty_tnhh_cua_so_viet_chau_a_aseanwindow_logo.jpeg
Nhân Viên Kinh Doanh (Máy Móc / Thiết Bị);10 - 20 triệu;28/02/2024;- Tìm kiếm khách hàng mục tiêu - Tiếp cận giới thiệu, chào bán sản phẩm và tư vấn cho khách hàng - Theo dõi, quản lý khách hàng, doanh thu, công nợ - Xử lý công vụ bán hàng với khách hàng, đối tác - Thu thập thông tin thị trường, đối thủ cạnh tranh - Thăm viếng khách hàng, xây dựng quan hệ khách hàng - Xử lý các khiếu nại của khách hàng - Hoàn thành mục tiêu: doanh số, doanh thu, công nợ;https://cdn1.vieclam24h.vn/tvn/asset/home/img/employer/5b4d9c0086bed_1531812864.jpg
Chuyên Viên Thiết Kế Đồ Họa (Graphic Designer) - Đi Làm Ngay;13 - 15 triệu;22/02/2024;-         Xây dựng, quản lý và phát triển Bộ nhận diện thương hiệu -         Phụ trách các thiết kế POSM, Social Banner ngành Bất Động Sản -         Đề xuất và triển khai ý tưởng thiết kế cho sự kiện -         Các công việc khác theo yêu cầu của Quản lý trực tiếp, Ban Giám đốc.;https://cdn1.vieclam24h.vn/tvn/images/old_employer_avatar/images/fbeecdc98cbca1d28e48aec05526f2f7_5b710576a9258_1534133622.jpeg
Kế Toán Công Nợ;13 - 17 triệu;26/02/2024;-         Xuất hóa đơn bán ra, nhập dữ liệu hóa đơn bán ra lên phần mềm kế toán. Theo dõi công nợ phải thu -         Theo dõi phí hoa hồng môi giới của các sàn liên kết, nhập dữ liệu hoa hồng lên phần mềm kế toán -         Theo dõi công nợ phải trả -         Ghi sổ, theo dõi các khoản tiền ký quỹ cho Chủ Đầu tư -         Theo dõi tạm ứng nhân viên -         Theo dõi chi hoa hồng cộng tác viên -         Ghi sổ kế toán các giao dịch ngân hàng -        Thực hiện các công việc khác theo sự phân công, chỉ đạo của cấp trên;https://cdn1.vieclam24h.vn/tvn/images/old_employer_avatar/images/fbeecdc98cbca1d28e48aec05526f2f7_5b710576a9258_1534133622.jpeg
Kế Toán Tổng Hợp – Mảng Nhà Hàng Khách Sạn - Đi Làm Ngay;15 - 20 triệu;22/02/2024;"-         Phụ trách công tác hạch toán kế toán và thiết lập hệ thống sổ sách kế toán, báo cáo theo quy định của Nhà nước và Quy định của Công ty; -         Tham gia cùng Kế toán trưởng xây dựng ngân sách hoạt động hàng năm của khách sạn, dự báo tình hình hoạt động hàng tháng, quý, năm. -         Thực hiện các chức năng (thẩm định, kiểm soát theo ngân sách..) theo phân công đối với các chi phí, đầu tư, kế hoạch tài chính,.. báo cáo cho Kế toán trưởng. Đề xuất các phương án cải tiến và tối ưu chi phí. -         Trực tiếp kiểm soát, xét duyệt các chứng từ thu, chi thanh toán theo đúng quy trình, trên nguyên tắc hợp pháp và đúng quy định; -         Hàng tuần kiểm tra, đối chiếu, đôn đốc các khoản công nợ phải thu, phải trả và báo cáo công nợ cho BGĐ; -         Trực tiếp kiểm soát hệ thống dòng tiền thu chi và báo cáo quỹ, doanh thu từ Resort, định kỳ theo quy định; -         Làm việc và giải trình số liệu với cơ quan thuế khi có Quyết định kiểm tra; -         Kiểm tra tất cả các số liệu, báo cáo doanh thu hàng ngày của các bộ phận với báo cáo từ hệ thống phần mềm, đảm bảo các số liệu trùng khớp nhau. -         Giải trình số liệu và cung cấp hồ sơ cho cơ quan kiểm toán, cơ quan thuế theo yêu cầu của Kế toán trưởng -         Theo dõi, kiểm soát đơn giá và số lượng hàng hóa xuất nhập, hàng tồn kho, theo dõi và thanh toán công nợ nhà cung cấp -         Thường xuyên cập nhật kiểm tra giá các mặt hàng thu mua vào Công ty để có phương án điều chỉnh thích hợp; Các công việc khác theo yêu cầu của Quản lý trực tiếp, Ban Giám đốc";https://cdn1.vieclam24h.vn/tvn/images/old_employer_avatar/images/fbeecdc98cbca1d28e48aec05526f2f7_5b710576a9258_1534133622.jpeg
Nhân Viên Bán Hàng Siêu Thị - (Nữ);7 - 8 triệu;07/03/2024;- Làm việc tại siêu thị có bán sản phẩm Kewpie - Lấy đơn hàng của siêu thị - Chăm sóc hàng ( châm hàng, đảo date, lau chùi quầy kệ ) - Kiểm tồn kho (báo cáo nhập + bán) mỗi tuần - Phát mẫu ăn thử cho khách, tư vấn bán hàng - Dọn dẹp , lau chùi vệ sinh dụng cụ + booth. Địa điểm làm việc: - Emart Sala: 10 Đ. Mai Chí Thọ, Thủ Thiêm, Thủ Đức, Tp Hồ Chí Minh - BigC Thảo Điền: Số 12 Quốc Hương, 12 Quốc Hương, Phường Thảo Điền, Quận Thảo Điền, TP Hồ Chí Minh - Xa Lộ Hà Nội: 191 Quang Trung, Hiệp Phú, Quận Thủ Đức, TP Hồ Chí Minh - Lotte Mart: Đ. Nguyễn Hữu Thọ, Tân Hưng, Quận 7, Tp Hồ Chí Minh;https://cdn1.vieclam24h.vn/images/old_employer_avatar/images/ee7729cd0443dc957a68292fc9e6381d_1538363441_image.png
Trưởng Phòng Marketing;15 - 25 triệu;07/03/2024;"- Hoạch định và triển khai các chiến lược Marketing ngắn hạn, trung hạn và dài hạn nhằm xây dựng, quảng bá và phát triển hình ảnh, sản phẩm Công ty ra thị trường trên các phương tiện truyền thông như truyền hình, báo chí, internet,… - Lập kế hoạch phát triển kênh online: Website, Google, Facebook, Tiktok, YouTube, … và các nền tảng xã hội khác. - Lập kế hoạch, phân bổ nguồn lực, tổ chức triển khai và đánh giá hiệu quả các hoạt động truyền thông marketing: Các chương trình khuyến mãi, tổ chức sự kiện, các hoạt động truyền thông nội bộ, đảm bảo nội dung và ấn phẩm truyền thông online và offline… - Giám sát thường xuyên các hoạt động quảng cáo của bộ phận để tối ưu các chương trình truyền thông, khuyến mại nhằm gia tăng doanh số, phát triển thương hiệu. - Đóng góp các thông tin và các đề xuất về hoạt động KD và Marketing cho các tổng kết và kế hoạch chiến lược. - Dự đoán nhu cầu, theo dõi ngân sách hàng năm; lập kế hoạch chi tiêu; phân tích các biến động; đề xuất các hành động khắc phục. - Thực hiện các công việc khác theo yêu cầu của cấp trên.";https://cdn1.vieclam24h.vn/images/employer_avatar/2023/07/27/channels4_profile_169044776635.jpg
Trưởng Nhóm Phát Triển Thị Trường Ngành Vật Tư Y Tế;20 - 50 triệu;02/03/2024;- Nắm bắt tốt thông tin thị trường của dòng sản phẩm mình phụ trách như thông tin về khách hàng, đối thủ cạnh tranh, thị trường, thị phần của sản phẩm (thông qua làm việc với hãng cung cấp, điều tra thị trường…) - Liên hệ & trao đổi với KOLs để phát triển theo kế hoạch và chiến lược - Phụ trách marketing tổ chức các hội thảo, hội nghị, demo nâng cao kiến thức sản phẩm cho khách hàng, tạo thêm các mối quan hệ phục vụ công việc - Hướng dẫn sử dụng các thiết bị máy mê, máy thở, monitors…. Các thiết bị của công ty phân phối cho các đơn vị sử dụng, đào tạo nội bộ, giải quyết khiếu nại liên quan đến sản phẩm, hỗ trợ làm hồ sơ thầu, làm cấu hình thầu cùng với sale team. -Tham vấn, đề xuất & đưa ra các kế hoạch, chiến lược để phát triển & đạt target KPI của c.ty và hãng - Thực hiện các công việc khác theo sự phân công của Ban giám đốc.;https://cdn1.vieclam24h.vn/upload/files_cua_nguoi_dung/logo/2018/03/21/1521614392_ti_xung.jpg
Nhân Viên Marketing Tổng Hợp;10 - 20 triệu;22/02/2024;- Lên ý tưởng phát triển thương hiệu nhôm thanh định hình mới - Xây dựng và chăm sóc các kênh vệ tinh của thương hiệu như FB, tiktok, youtube, website ... - Lên kế hoạch quảng cáo và các chiến dịch Marketing - Kết nối với các đơn vị quảng cáo khác để chiến dịch MKT hiệu quả - Làm các công việc khác theo yêu cầu của cấp trên;/img/vieclam24h_logo_customer.jpg
Nhân Viên Kinh Doanh Nội Thất - Lương Trên 20 Triệu - Tại Hà Nội;7 - 50 triệu;06/03/2024;Liên hệ và chăm sóc khách hàng cũ, tiếp tục duy trì đơn hàng từ khách hàng cũ Tìm kiếm và phát triển khách hàng mới trong nước: Tư vấn, cập nhật, chào mẫu, chào giá cho khách hàng Đại Lý, NTTK, Xây Dựng… về các sản phẩm công ty cung cấp Cập nhật và nắm bắt thông tin thị trường, theo đó đề xuất các chính sách bán hàng sao cho phù hợp với biến động thị trường Phối hợp với bộ phận kế toán trong công tác thu hồi nợ Lập kế hoạch và báo cáo công việc định kỳ với quản lý trực tiếp Tham gia các hội chợ trong nước…;https://cdn1.vieclam24h.vn/images/employer_avatar/2023/05/12/9eb9a54894f44baa12e5_168385382653.jpg
Nhân Viên Truyền Thông;8 - 10 triệu;06/03/2024;- Xây dựng, quản lý nội dung (Bao gồm viết, trình bày các nội dung, ý tưởng về hình ảnh) trên Fanpage và các kênh Social, Website, ấn phẩm in ấn, truyền thông nội bộ, báo chí,... - Đề xuất các thay đổi. cải thiện về cấu trúc Website, content, linking và các yếu tố khác nhằm tối ưu hiệu quả SEO, Xây dưng content chuẩn SEO. - Theo dõi, đánh giá, giám sát kết quả SEO, Google Ads, GDN- Xây dựng các nội dung kịch bản, seeding trên group, page, các hội nhóm MXH, viết bài, tăng tương tác, follow trên các group, page các diễn đàn,... - Tham gia cùng team xây dựng và thực hiện các chiến dịch Marketing, đóng góp các ý tưởng nội dung sáng tạo cho chiến dịch Digital Marketing. - Phối hợp với team tạo một số video clip về sản phẩm, dự án của Công ty. - Xây dựng ý tưởng, lập kế hoạch và báo cáo kế hoạch, chỉ tiêu định kỳ. - Thực hiện các yêu cầu khác của cấp trên- Hỗ trợ các công việc khác của Team;https://cdn1.vieclam24h.vn/images/employer_avatar/2022/12/06/images/167029629314.jpeg
Nhân Viên Digital Marketing;12 - 15 triệu;05/03/2024;- Lập kế hoạch Digital Marketing, xây dựng ngân sách và thực hiện chiến lược Marketing quảng cáo sản phẩm, dịch vụ. - Lên kế hoạch và triển khai các hoạt động Social Marketing: Google Adwords, Facebook adwords, Email marketing, SMS marketing, … - Thống kê, phân tích số liệu để điều chỉnh và tối ưu chiến dịch quảng cáo. - Quản lý, phân tích và đánh giá Website, fanpage, zalo. - Phối hợp với các phòng ban để đạt mục tiêu chung.;https://cdn1.vieclam24h.vn/tvn/images/employer_avatar/2021/12/22/images/164015967485.jpeg
Business Development Executiveviệt Nam;27 - 34.5 triệu;05/03/2024;"1. Chịu trách nhiệm tìm hiểu hợp tác liên ngành tại ở khu vực Việt Nam và hoàn thiện các kế hoạch, hoạt động hợp tác liên ngành; 2. Chịu trách nhiệm mở rộng các công việc môi giới tổng thể của MCN và KOL, bao gồm phát triển KOL, đàm phán, xúc tiến thực hiện, quản lý hiệu quả hàng ngày và duy trì sự hợp tác. 3. Chịu trách nhiệm quản lý và duy trì các mối quan hệ trong các ngành liên quan đến âm nhạc như công ty thu âm, công ty quản lý ca sĩ, v.v. để chuẩn bị cho sự hợp tác thương hiệu trong tương lai; 4. Chịu trách nhiệm lập kế hoạch và theo dõi các sự kiện ngoại tuyến tại Việt Nam, đồng thời cùng tham gia tổ chức và thực hiện các sự kiện, bao gồm hướng dẫn sản xuất tài liệu, giao tiếp gắn kết, hướng dẫn viết quảng cáo và thiết kế, giám sát và đánh giá hiệu quả hoạt động, vân vân.; 5. Điều phối công việc giữa các bộ phận khác nhau tại Việt Nam để đảm bảo tiến độ của các dự án được phụ trách. 6. Chịu trách nhiệm theo dõi các nguồn lực trên các địa phương khác nhau và các vấn đề triển khai cần thiết cho việc vận hành bình thường của công ty tại Việt Nam.";https://cdn1.vieclam24h.vn/images/employer_avatar/2024/03/05/z5219097380841_25ecdb9b08882400bb44fc2dba67dece_170962829732.jpg
Nhân Viên Digital Marketing;15 - 20 triệu;05/03/2024;-         Lên kế hoạch và trực tiếp thực hiện các chiến lược Digital Marketing của Công ty. Bao gồm SEO, Display Ads, Social Media Marketing ( Facebook, Instagram, Zalo,…), Email, SMS, … -         Xây dựng và cập nhật nội dung, hình ảnh của Công ty lên Website, Facebook và các trang mạng xã hội khác. -         Xây dựng hệ thống quản lý dữ liệu. -         Xây dựng các chiến lược quảng bá online, các kênh nhận diện thương hiệu, giới thiệu Araiv đến với khách hàng. -         Làm việc với những bộ phận liên quan để có chương trình chạy quảng cáo phù hợp với những thời điểm khác nhau. -         Triển khai các chương trình chăm sóc khách hàng và giám sát các bộ phận liên quan thực hiện. -         Thiết lập ngân sách Marketing, chịu trách nhiệm phân bổ & kiểm soát ngân sách được duyệt. -         Thường xuyên cập nhật các xu hướng Digital Marketing mới, tham mưu cho BGĐ và áp dụng. -         Thực hiện các công việc liên quan theo chỉ đạo của BGĐ.;https://cdn1.vieclam24h.vn/tvn/images/default/2022/07/30/images/165916590538.jpeg
Nhân Viên Phát Triển Sản Phẩm (Hợp Đồng 8 Tháng);8 - 12 triệu;04/03/2024;Làm việc với các công ty nghiên cứu thị trường để thực hiện nghiên cứu khách hàng/thị trường và tiến hành khảo sát với kênh phân phối để hiểu rõ hơn về nhu cầu của khách hàng/kênh phân phối. Hỗ trợ xây dựng các đề xuất/ý tưởng sản phẩm dựa trên những hiểu biết về hành vi người tiêu dùng/kết quả nghiên cứu. Hỗ trợ quá trình phát triển thiết kế sản phẩm, phối với các bên liên quan để đảm bảo sản phẩm được ra mắt đúng tiến độ dự kiến. Hỗ trợ kế hoạch đào tạo và ra mắt sản phẩm: Phát triển tài liệu đào tạo sản phẩm, làm việc với các Creative Agency để phát triển ý tưởng và thiết kế ấn phẩm Marketing cho sản phẩm và hỗ trợ thúc đẩy các chiến dịch launching, đào tạo sản phẩm. Tiến hành đánh giá sản phẩm sau khi ra mắt để tìm ra những điểm cần cải thiện và thực hiện các phương án cải tiến phù hợp. Hỗ trợ giải quyết các yêu cầu về sản phẩm từ các kênh và đối tác. Cập nhật thường xuyên thông tin thị trường, sản phẩm và xu hướng. Các nhiệm vụ khác theo sự phân công của quản lý trực tiếp.;https://cdn1.vieclam24h.vn/images/old_employer_avatar/images/f76e864ab9362c07ba1ba195774e9a86_5293608_vieclam24h_1588679747.png
Nhân Viên Tiktok Ads - Đi Làm Ngay;10 - 25 triệu;04/03/2024;Sử dụng tài nguyên có sẵn để lên chiến dịch quảng cáo trên nền tảng tiktok, mạng xã hội. Theo dõi, đánh giá để tối ưu thiết kế/ nội dung/ chi phí và tỷ lệ chuyển đổi của các chiến dịch quảng cáo của Công ty, đảm bảo kết quả theo đúng lộ trình và mục tiêu đề ra Làm hình ảnh, video để chạy quảng cáo cho sản phẩm Nghiên cứu thị trường, định hướng xu hướng nội dung, hình ảnh, video phù hợp nhu cầu thị trường Cập nhật, báo cao kết quả hoạt động theo ngày/tuần/tháng;https://cdn1.vieclam24h.vn/images/employer_avatar/2023/11/16/cd0bccb7c641101f4950 (1)_170010904943.jpg
Nhân Viên Kinh Doanh (Ngành Sơn, Vật Liệu Xây Dựng);10 - 15 triệu;02/03/2024;- Chăm sóc khách hàng cũ, tìm kiếm thêm khách hàng mới - Tạo mối quan hệ thân thiện, hỗ trợ kinh doanh đối với tất cả các khách hàng - Lập báo cáo tuần/tháng/năm - Làm việc các khu vực: Sóc Trăng, Bạc Liêu, Cà Mau;https://cdn1.vieclam24h.vn/images/employer_avatar/2024/01/04/3d2d9ffcfc8d57d30e9c_170435416947.jpg
Nhân Viên Kinh Doanh Phân Bón;6 - 15 triệu;02/03/2024;+ Phụ trách quảng bá, tiêu thụ sản phẩm của Công Ty. + Tìm kiếm, khai thác khách hàng mới trong khu vực được phân công. + Chăm sóc hệ thống khách hàng cũ + Thực hiện công việc khác theo chỉ đạo của cấp trên. + Địa chỉ làm việc: Daknong, Lâm Đồng, Tây Ninh, Long An, Bình Phước...;https://cdn1.vieclam24h.vn/images/employer_avatar/2024/03/01/1481595082_logo-dat-xanh-copy_170926722518.png
Nhân Viên Văn Phòng;10 - 12 triệu;01/03/2024;- Liên hệ với các cơ quan trường học triển khai các hoạt động tuyển sinh, tuyển dụng.... - Đàm phán, thỏa thuận và thúc đẩy quá trình ký kết hợp tác với các công ty hoặc các trung tâm. - Lên ý tưởng và kế hoạch cho các chương trình quảng cáo của công ty về lĩnh vực xuất khẩu lao động. - Chuẩn bị hồ sơ và sắp xếp công việc cần thiết sơ tuyển ứng viên. - Hỗ trợ kết nối phỏng vấn trực tiếp hoặc trực tuyến với các lãnh đạo công ty ở nước ngoài. - Thực hiện những nhiệm vụ khác khi lãnh đạo phân công.;https://cdn1.vieclam24h.vn/tvn/images/employer_avatar/2022/07/08/images/165726203678.png
Nhân Viên Kế Toán Nội Bộ;10 - 12 triệu;01/03/2024;- Hạch toán các nghiệp vụ kinh tế phát sinh hàng ngày vào phần mềm kế toán. - Lập các báo cáo về thuế theo quy định. - Tham mưu cho kế toán trưởng về các chính sách thuế. - Thực hiện những công việc khác khi lãnh đạo phân công.;https://cdn1.vieclam24h.vn/tvn/images/employer_avatar/2022/07/08/images/165726203678.png
Trưởng Nhóm Kinh Doanh - Trung Tâm Tiếng Anh Siêu Trí Nhớ Sgroup (Cơ Hội Dành Cho Cả Những Người Chưa Biết Tiếng Anh);20 - 30 triệu;29/02/2024;Cơ hội Trưởng Nhóm Kinh Doanh cho Trung Tâm Tiếng Anh của Sgroup, chỉ cần yêu thích ngành Giáo dục, có khả năng nắm bắt cơ hội và triển khai kinh doanh trao giá trị đến nhiều người. Biết Tiếng Anh là một lợi thế. Cụ thể công việc như sau: - Lập kế hoạch phát triển kinh doanh, quản lý và chịu trách nhiệm về toàn bộ các hoạt động chung của đội nhóm kinh doanh - Đảm bảo đạt các chỉ tiêu của đội nhóm theo kế hoạch của Lãnh đạo - Quản lý nhân sự, chịu trách nhiệm đào tạo nhân sự cho đội nhóm - Hỗ trợ các hoạt động đào tạo, học tập tại trung tâm và theo tiêu chuẩn chung của hệ thống. - Hỗ trợ kiểm soát và giám sát doanh thu, chi phí của đội nhóm, đảm bảo hoạt động kinh doanh có hiệu quả. - Quản lý cơ sở vật chất, thiết bị, đồ dùng đào tạo... - Hướng dẫn và thực hiện thủ tục kiểm tra, đánh giá, xếp lớp, nhập học và các quy trình liên quan cho nhân viên nhằm đảm bảo trung tâm được vận hành hiệu quả. - Thực hiện các công việc khác theo phân công của Giám đốc hệ thống. Địa chỉ: Tòa An Phú Building, Lê Trọng Tấn, Dương Nội, Hà Đông;https://cdn1.vieclam24h.vn/images/employer_avatar/2023/05/16/logo_168422992567.jpg
Tiktok Content Creator (Đi Làm Ngay);10 - 20 triệu;29/02/2024;- Sáng tạo nội dung, ý tưởng để sản xuất, quay, dựng Video trên Tiktok về các sản phẩm làm đẹp. - Hướng dẫn hợp tác với các bạn mẫu lên hình trong các Video trên Tiktok/Facebook. - Tìm kiếm, kết nối với KOLs để tạo ra các Influencer Marketing Campaigns trên TikTok. - Nghiên cứu trends, bắt trends, tìm hiểu cách thức hoạt động, thuật toán theo thời gian của TikTok. - Thành thạo các tools chỉnh sửa clip Tiktok hoàn thiện. - Chi tiết công việc sẽ trao đổi thêm trong buổi phỏng vấn. - Thời gian làm việc từ 8g30 - 5g30 - Địa điểm làm việc TP.HCM: 21 Trương Hoàng Thanh, P.12, Q. Tân Bình;https://cdn1.vieclam24h.vn/images/employer_avatar/2023/03/23/images_167954322290.png
Nhân Viên Content Creator Tiktok;7 - 12 triệu;29/02/2024;- Sáng tạo nội dung, ý tưởng và sản xuất, quay, dựng Video trên Tiktok - Nghiên cứu trends, bắt trends, tìm hiểu cách thức hoạt động, thuật toán theo thời gian của TikTok - Trực tiếp lên hình, lồng tiếng trong các Video trên Tiktok/Facebook - Xây dựng, phát triển, quản lý các kênh Tik Tok - Tìm, liên hệ làm việc với KOLs, KOC - Thực hiện một số công việc khác;https://cdn1.vieclam24h.vn/images/employer_avatar/2023/12/25/be19c17c5d96f5c8ac87_170347274068.jpg
Nhân Viên Kinh Doanh Marketing (Thu Nhập Trên 12 Triệu);12 - 18 triệu;29/02/2024;- Tìm kiếm khách hàng tiềm năng, mở rộng nguồn khách hàng - Tư vấn khách hàng, giới thiệu sản phẩm của công ty đến với khách hàng - Thực hiện các thủ tục ký kết hợp đồng với khách hàng - Duy trì và mở rộng phạm vi hợp tác với các đối tác tiềm năng, đối tác chiến lược - Báo cáo với trưởng bộ phận: Báo cáo doanh số, các vấn đề liên quan đến việc tăng giảm doanh số, các phản hồi của khách hàng về chương trình, dự án … - Tham gia các hoạt động Marketing, quảng bá thương hiệu của công ty để tăng cường khả năng tiếp cận và tăng doanh số bán hàng - Thực hiện các công việc khác theo sự phân công từ Trưởng bộ phận;https://cdn1.vieclam24h.vn/tvn/images/old_employer_avatar/images/84bc99fde2a3d374a6b86c79f7ec7de1_5f912a7290cbb_1603349106.jpeg
Nhân Viên Digital Marketing - Lương Trên 15 Triệu - Tại Hồ Chí Minh;14 - 20 triệu;29/02/2024;- Thực hiện các công việc liên quang đến marketing . - Thực hiện các công việc khác theo sự chỉ đạo của Ban Giám Đốc. - Ưu tiên biết photoshop - Ưu tiên biết tiếng Hàn để trao đổi với sếp mà không cần thông qua thông dịch viên.;https://cdn1.vieclam24h.vn/images/default/2023/05/17/KIDSCAMP_LOGO_564_168431198532.png
Nhân Viên Kinh Doanh Ô Tô (Ford Thanh Xuân) - Đi Làm Ngay;8 - 20 triệu;28/02/2024;"- Tìm kiếm khách hàng tiềm năng để giới thiệu và tư vấn bán xe ô tô FORD. - Chủ động liên hệ và tạo lập mối quan hệ tốt với khách hàng; - Tư vấn cho khách hàng về các sản phẩm, giá cả, phương thức thanh toán; - Đàm phán ký kết hợp đồng với khách hàng; - Khai thác tệp khách hàng từ lẻ các mối quan hệ, từ hội nhóm, kênh bán hàng online (zalo, facebook, google ads...). - Tham gia các lớp huấn luyện để trau dồi kiến thức nghề nghiệp và sản phẩm - Thực hiện các công việc khác theo yêu cầu của Ban Giám đốc (nếu có)";https://cdn1.vieclam24h.vn/images/employer_avatar/2024/02/28/logo-thanhxuanford-png_170910524478.png
Kế Toán Thanh Toán - Công Nợ;7 - 15 triệu;28/02/2024;"- Lập phiếu thu, phiếu chi, Unc, bộ vay ngân hàng. - Ghi nhận, tổng hợp, kiểm tra và hạch toán số liệu các nghiệp vụ kinh tế phát sinh. - Cập nhật các chính sách, quy định nhà nước về kế toán và thuế. - Làm kê khai và nộp thuế GTGT, TNCN hàng tháng và các thủ tục liên quan đến thuế theo quy định của Bộ tài chính. - Thường xuyên theo dõi công nợ phải thu, phải trả; định kỳ lập biên bản xác minh công nợ theo quy định. - Thực hiện các công việc kế toán theo yêu cầu của kế toán trưởng.";https://cdn1.vieclam24h.vn/images/employer_avatar/2024/02/28/logo-thanhxuanford-png_170910524478.png
Nhân Viên Digital Marketing;12 - 20 triệu;28/02/2024;- Nghiên cứu và phân tích thị trường để đánh giá xu hướng, mức độ nhận diện thương hiệu, đối thủ cạnh tranh. - Kiểm tra, tối ưu & đề xuất cải thiện SEO cho Website onpage và offpage Sử dụng các công cụ và phương pháp marketing online để đẩy mạnh kết quả SEO (Google Analystic, Google Master Tool,...) - Lập kế hoạch và triển khai SEO - Xây dựng và triển khai chiến lược backlink, website vệ tinh, technical, kéo traffic,... sản xuất nội dung chuẩn SEO, xây dựng bộ keywords chính/phụ cho từng bài viết và phân bổ vào outline, định hướng nội dung, hình ảnh website • - Theo dõi, phân tích, đánh giá, tối ưu kết quả SEO & báo cáo thứ hạng từ khóa theo tuần/tháng - Thực hiện các yêu cầu khác về Marketing từ cấp trên - Thành thạo Google Ads , FB Ads, Tiktok Ads;https://cdn1.vieclam24h.vn/images/default/2023/10/07/2_169664073956.png
Nhân Viên Marketing - Đi Làm Ngay (Vũng Tàu);10 - 18 triệu;28/02/2024;Đề xuất các ý tưởng phát triển các kênh truyền thông cho Công ty Kiến trúc - nội thất. Viết content chuẩn SEO. Có kinh nghiệm quản lý Facebook page, Tiktok, Instagram, …. Chạy quảng cáo hiệu quả các kênh social media. Có khả năng nghiên cứu thị trường, xây dựng chiến lược phát triển truyền thông đa phương tiện. Quản trị web Các công việc khác theo chỉ đạo từ cấp quản lý.;/img/vieclam24h_logo_customer.jpg
Chuyên Viên Thiết Kế Đồ Họa_Quay Dựng Video;15 - 20 triệu;28/02/2024;Lên kế hoạch công việc hàng tháng dựa vào kế hoạch tổng thể có sẵn. Phối hợp với chuyên viên Content đưa ra ý tưởng thiết kế / quay dựng phù hợp cho mỗi sản phẩm, dự án. Công việc thiết kế: Thiết kế banner, poster, sales kit, POSM, animation... Liên hệ đặt hàng và theo dõi sản xuất các in ấn phẩm, vật phẩm theo yêu cầu. Công việc quay dựng: Trực tiếp quay – dựng – xuất file thành phẩm theo kịch bản và ý tưởng đã thống nhất. Chụp hình sản phẩm, chụp hình sự kiện, chụp hình phóng sự... Các công việc khác: Quản lý, lưu trữ file / source stock và tuân thủ quy tắc thiết kế theo brand guildeline. Báo cáo kết quả hàng tuần / hàng tháng cho Trưởng Phòng. Thường xuyên cập nhật các xu hướng thiết kế / quay dựng mới để phát triển công việc. Hỗ trợ các công việc khác theo sự phân công của cấp trên.;/img/vieclam24h_logo_customer.jpg
Nhân Viên Kinh Doanh (Thu Nhập >11 Triệu);11 - 15 triệu;28/02/2024;- Theo bảng mô tả công việc của bộ phận thị trường. - Xây dựng, tổ chức phương án, triển khai, đánh giá kế hoạch kinh doanh ngành hàng phụ trách. - Phối hợp với bộ phận sản xuất lập kế hoạch đặt hàng sản xuất, bảo hành định kỳ. - Xây dựng, tổ chức đánh giá thông tin thị trường, phân tích, lên phương án thực hiện kế hoạch kinh doanh ngành hàng phụ trách. - Nghiên cứu và phát triển sản phẩm. - Chi tiết công việc sẽ được trao đổi cụ thể trong quá trình phỏng vấn.;https://cdn1.vieclam24h.vn/images/default/2021/05/05/images/img_vieclam24h_vn_162017754783.png
Trưởng Phòng Digital Marketing Kiêm Chạy Ads (Mảng Thẩm Mỹ, Spa);20 - 40 triệu;27/02/2024;"- Lên kế hoạch và triển khai tất cả các chiến lược digital marketing, bao gồm: Facebook ads, Google ads, Tik Tok,..... - Thiết kế, xây dựng và duy trì hình ảnh của thương hiệu trên mạng xã hội. - Đo lường và báo cáo hiệu suất tất cả các chiến dịch digital marketing và đánh giá dựa trên mục tiêu đề ra (ROI và KPI). - Chạy Ads: + Xây dựng các kế hoạch chạy quảng cáo Facebook Ads; titok, web…chi tiết, phù hợp với chiến dịch Marketing của công ty; + Nghiên cứu, đề xuấy ý tưởng, phối hợp với bộ phận Media lên nội dung quảng cáo (nội dung, hình ảnh, video) thu hút khách hàng + Trực tiếp triển khai các chiến dịch quảng cáo trên Facebook theo ngân sách được duyệt; + Theo dõi, đánh giá để tối ưu thiết kế /nội dung/chi phí và tỷ lệ chuyển đổi của các chiến dịch quảng cáo Facebook Ads, đảm bảo kết quả theo đúng lộ trình và mục tiêu đề ra; - Xác định xu hướng và thông tin chi tiết, đồng thời tối ưu hóa ngân sách và hiệu suất dựa trên thông tin chi tiết. - Xây dựng các chiến lược phát triển mới sáng tạo hấp dẫn để tăng doanh thu. - Làm việc với các thành viên trong team để tạo landing page và tối ưu hóa trải nghiệm người dùng. - Phân tích để đánh giá trải nghiệm khách hàng cuối trên nhiều kênh và các điểm tiếp xúc của khách hàng. - Tối ưu hóa kênh người dùng. - Xây dựng thêm kênh free traffic - Giám sát các chiến dịch xây dựng thương hiệu và định vị thương hiệu - Quản lý - định hướng và điều hành nhân viên phòng MKT - Chuẩn bị kế hoạch và trình bày báo cáo cho quản lí cấp cao";/img/vieclam24h_logo_customer.jpg
Nhân Viên Quay Video Content- Lương 10-17 Triệu;10 - 17 triệu;28/02/2024;- Lên kịch bản (được hướng dẫn dùng tool để lên kịch bản) - Phối hợp với các bên liên quan thực hiện quay và dựng video, chụp ảnh để phát triển kênh Tiktok, Reel, Short - Đảm bảo xuất bản nội dung chất lượng, chính xác và đều đặn hàng tuần/ tháng theo kế hoạch - Báo cáo kết quả định kỳ lên cấp trên, và đề xuất cải tiến để thu hút thêm nhiều lượng views hơn. - Các công việc khác theo sự phân công của cấp trên. Địa điểm làm việc: CÔNG TY CỔ PHẦN LAI CUNG ÉN PHÚC SANG (AOTHUN.COM) 37-37A-37B Đường An Phú Đông 10, Phường An Phú Đông, Quận 12;https://cdn1.vieclam24h.vn/upload/files_cua_nguoi_dung/logo/2016/10/14/1476437767_lo_go_vuong_ok.png
Giám Đốc Marketing- Thu Nhập Từ 25 Đến 30 Triệu;25 - 30 triệu;27/02/2024;"Xây dựng kế hoạch marketing, tổ chức bán hàng, sự kiện bán hàng theo tháng, quý, năm và báo cáo cho Ban TGĐ. Có khả năng trực tiếp chạy quảng cáo Facebook, Google, Tiktok ... và các nền tảng online khác. Đánh giá phân tích thị trường để lên kế hoạch marketing hiệu quả nhất. Quản lý hình ảnh thương hiệu trên các điểm chạm với khách hàng: Nhận diện thương hiệu, chất liệu truyền thông, Website, Facebook page...; Quản lý các hoạt động và nhân sự Digital Marketing để đạt mục tiêu về SEO, tối ưu các kênh truyền thông và nội dung trên môi trường online, hỗ trợ các kênh bán hàng online...; Sử dụng các tệp khách hàng tiềm năng, để đưa ra chiến dịch Marketing hiệu quả. Xây dựng, set up đội ngũ; quản lý, đào tạo và phát triển đội ngũ phòng Marketing";https://cdn1.vieclam24h.vn/images/employer_avatar/2023/12/06/z4948034776974_f1bd38ed0b524c3bf396611a9637bd7a_170184541090.jpg
Nhân Viên Kinh Doanh Thu Nhập Lên Đến 20 Triệu Tại Bình Tân;15 - 20 triệu;27/02/2024;-        Phát triển kinh doanh tại các kênh online, tìm kiếm khách hàng là đại lý, chuỗi và bán lẻ -        Lập kế hoạch bán hàng tháng/quý/năm, tìm kiếm, khai thác và mở rộng thị trường -        Thực hiện báo giá, lên đơn hàng, hợp đồng, giao hàng, công nợ và phối hợp với các bộ phận liên quan khác tại Công ty để triển khai công việc thuận lợi -        Quản lý và theo dõi đơn đặt hàng, công nợ của khách hàng -        Chăm sóc khách hàng sau bán hàng và duy trì mối quan hệ với khách hàng hiện tại -        Cập nhật và nắm bắt thông tin thị trường, theo đó đề xuất các chính sách bán hàng phù hợp nhất với tình hình kinh tế hiện tại -        Báo cáo công việc hàng ngày với cấp trên -        Thực hiện các công việc khác theo sự phân công chỉ đạo của Giám Đốc;https://cdn1.vieclam24h.vn/images/employer_avatar/2023/04/17/Screenshot 2023-04-17 145816_168171832129.png
Nhân Viên Marketing - Kinh Doanh Làm Việc Tại Quận 9;8 - 15 triệu;27/02/2024;"- Phụ trách mảng marketing online. - Quản trị website. - Chạy quảng cáo trên face; google. - Tìm kiếm và tư vấn sản phẩm cho khách hàng tiềm năng có nhu cầu về dịch vụ công ty đang cung cấp. - Chăm sóc và duy trì nguồn khách hàng có nhu cầu sử dụng dịch vụ, có thể chốt dịch vụ ưu tiên qua online hoặc trực tiếp. - Thực hiện các công việc khác theo yêu cầu của giám đốc công ty - Trợ giúp cho giám đốc trong các quan hệ đối nội, đối ngoại";/img/vieclam24h_logo_customer.jpg
Nhân Viên Digital Marketing Khu Vực Tân Phú;8 - 12 triệu;27/02/2024;- Xây dựng kế hoạch, thực hiện và giám sát chiến lược marketing ngành mỹ phẩm nhập khẩu - Lên ý tưởng, xây dựng nội dung các kênh truyền thông - SX nội dung truyền thông cho sản phẩm và thương hiệu, markting nhãn hàng( kịch bản video, hình ảnh) - Có khả năng nắm bắt xu hướng marketing truyền thông thương hiệu - Am hiểu cách thức hoạt động, thuật toán các nền tảng mạng xã hội Facebook, Youtube,TikTok để định hướng và phối hợp với bộ phận media triển khai các nội dung hiệu quả - Sử dụng thông thạo các công cụ digital marketing trên các kênh online google ads, fb ads, tiktok, ladipage, instagram, pancake, chat box,.. - Trực tiếp chạy ads, đo lường, phân tích số liệu;https://cdn1.vieclam24h.vn/upload/files_cua_nguoi_dung/logo/2018/03/19/1521450532_ECOSYCS3.jpg
Nhân Viên PR Livestream - Hà Nội;10 - 15 triệu;27/02/2024;-         Lên ý tưởng, nội dung kịch bản livestream phù hợp với sản phẩm, định hướng của công ty và đối tượng khách hàng mục tiêu trên các kênh truyền thông thuộc hệ thống công ty -         Thực hiện livestream trên hệ thống kênh truyền thông của công ty để giới thiệu và bán sản phẩm theo chương trình bán hàng: Tư vấn, thuyết phục khách hàng mua hàng trên livestream. -         Giao tiếp, giải đáp thắc mắc của khách hàng, khán giả xem livestream -         Chủ động xây dựng nội dung, sáng tạo các clip viral phù hợp với chiến dịch quảng cáo của công ty -         Thực hiện các công việc khác được giao;https://cdn1.vieclam24h.vn/images/employer_avatar/2021/04/02/images/161733592850.jpeg
Senior Packaging Designer;20 - 26 triệu;27/02/2024;Thiết kế, xử lý kỹ thuật in ấn bao bì. Lưu trữ, sắp xếp, cập nhật hệ thống bao bì. Làm việc với các bộ phận để đảm bảo thông tin xuyên suốt & chính xác. Làm việc với các nhà cung cấp để đảm bảo kỹ thuật & chất lượng in ấn. Thiết kế POSM in ấn, digital.;https://cdn1.vieclam24h.vn/images/old_employer_avatar/images/a78bf4a0d5010e6e1fd5e3161ad9f739_4088827_vieclam24h_1578024722.png
Nhân Viên Kinh Doanh (Lương Cứng +%hoa Hồng: 15 - 30 Triệu) - Đi Làm Ngay;15 - 30 triệu;27/02/2024;- Được đào tạo về sản phẩm của công ty để tìm hiểu các sản phẩm tương tự, đánh giá đối thủ cạnh tranh, tìm hiểu về khách hàng và cách tiếp cận KH - Cam kết về doanh số theo thỏa thuận từng Năm - Lập kế hoạch bán hàng cho từng tuần - Tiếp cận với KH qua điện thoại, hẹn gặp - Gặp gỡ khách hàng giới thiệu về sản phẩm công ty, hiểu nhu cầu của khách - Trao đổi thông tin qua lại với khách hàng, báo cáo kịp thời cho Giám đốc Kinh doanh, đề xuất phương án và giải pháp nếu có - Theo dõi, chăm sóc khách hàng, thuyết phục KH mua sp của công ty - Gửi báo giá, hợp đồng, đàm phán hợp đồng - Theo dõi tiến độ hợp đồng, hỗ trợ bộ phận khác trong quá trình triển khai hợp đồng, hỗ trợ kế toán trong việc đòi nợ. - Chăm sóc KH cũ và tìm kiếm KH mới;https://cdn1.vieclam24h.vn/tvn/images/employer_avatar/2022/07/14/images/165779232359.jpeg
Nhân Viên Quản Trị Website Làm Tại Quận 3;9 - 15 triệu;27/02/2024;- Quản trị nội dung cho fanpage & Quản lý hình ảnh fanpage (banner, thư viện, clip) - Chăm sóc và viết bài tăng tương tác Fanpage Facebook, website , youtube - Chọn lọc content, thể loại phù hợp cho fanpage & Tạo title, caption trên các post nhằm tạo sự kích thích, tương tác cho user - Nghiên cứu trend, bắt trend, tìm hiểu cách thức hoạt động, thuật toán Tiktok, phối hợp với Team Tiktok, youtube định hướng, quản lý và vận hành hiệu quả các kênh.;https://cdn1.vieclam24h.vn/images/default/2022/08/10/images/166010668488.jpeg
Nhân Viên Kinh Doanh Văn Phòng (Tôn, Thép, Sắt Xây Dựng);7 - 30 triệu;27/02/2024;- Sales lĩnh vực tôn thép, sắt xây dựng, thép hình các loại,... - Tìm kiếm và phát triển hệ thống khách hàng bằng Data Base của công ty sẵn (Khách hàng là những nhà máy cán tôn thép - xà gồ ) - Duy trì những mối quan hệ kinh doanh hiện có. - Tiếp nhận đơn đặt hàng và giao hàng theo đúng quy trình. - Theo dõi quá trình giao hàng, công nợ khách hàng - Đi công tác ở khu vực phụ trách, từ 1 đến 2 tháng đi công tác 1 lần có xe ô tô công ty đưa đón;https://cdn1.vieclam24h.vn/tvn/images/employer_avatar/2022/03/09/images/164680147311.jpeg
Nhân Viên Marketing;15 - 20 triệu;26/02/2024;- Xây kênh Facebook, Tiktok, …. hỗ trợ tăng doanh thu về trung tâm - Theo dõi và hỗ trơ xây dựng thêm Fanpage và nhóm - Tìm kiếm nguồn khách hàng mới. - Quay phim, dựng hình ảnh, làm video clip - Phân tích dữ liệu khách hàng, cùng với quản lý ra các chiến dịch mới cho trung tâm.;/img/vieclam24h_logo_customer.jpg
Chuyên Viên Kinh Doanh Kênh Mt;10 - 15 triệu;26/02/2024;- Chịu trách nhiệm về doanh số bán hàng theo chỉ tiêu được giao. - Lập kế hoạch bán hàng, triển khai các hoạt động bán hàng và các chương trình khuyến mãi của công ty. - Chịu trách nhiệm tiếp cận, tư vấn, giới thiệu sản phẩm đến các hệ thống siêu thị, đảm bảo sự hiện diện của sản phẩm tại các khu vực được giao theo chiến lược phát triển của công ty - Kiểm tra, giám sát tình hình trưng bày và lập kế hoạch gia tăng thị phần trưng bày. - Lập kế hoạch thăm viếng trực tiếp kênh siêu thị quản lý chính nhằm đảm bảo tần suất chăm sóc sản phẩm hằng ngày và hằng tuần. - Huấn luyện và hướng dẫn đội ngũ nhân viên bán hàng (PG/ tiếp thị ) nhằm đảm bảo đạt được chỉ tiêu của công ty về: Hình ảnh trưng bày, tem nhãn, bảng giá khuyến mãi, thông tin sản phẩm, thông tin công cty,...... - Xây dựng và duy trì mối quan hệ thân thiết với các trưởng bộ phận và các nhân sự khác liên quan đến sự hiện diện và phát triển sản phẩm của công ty. - Ưu tiên báo cáo nhanh các vấn đề phát sinh có ảnh hưởng trực tiếp đến hình ảnh sản phẩm, uy tín công ty và các vấn đề có thể gây ảnh hưởng xấu đến mối quan hệ với khách hàng.;https://cdn1.vieclam24h.vn/tvn/asset/home/img/employer/5f3bbd302e234_1597750576.jpg
Nhân Viên Kinh Doanh;10 - 20 triệu;26/02/2024;- Tư vấn và giới thiệu dịch vụ đến khách hàng về sản phẩm của công ty - Tìm kiếm thêm nguồn khách hàng - Chăm sóc hỗ trợ khách hàng đang có và tái ký - Địa điểm làm việc: Bắc Ninh- Hải Dương- Hải Phòng- Hòa Bình - Thời gian làm việc: 09h00 – 18h00 từ Thứ 2–Thứ 7 (nghỉ trưa 2 tiếng);https://cdn1.vieclam24h.vn/images/employer_avatar/2024/02/26/logo ms - Copy_170892352164.png
Nhân Viên Kinh Doanh Nam Lương 30 Triệu Đi Làm Ngay;20 - 30 triệu;26/02/2024;Công ty Winsun chuyên sản xuất rèm cửa, bạt che nắng cần tuyển -10 NVKD làm việc tại Hà Nội -5 NVKD làm việc tại HCM - Tìm kiếm khách hàng – Báo giá – Tư vấn – Chốt Sales. - Chăm sóc, quản lý tập khách hàng có sẵn. - Nhận đơn đặt hàng của khách. Báo xưởng sản xuất. -Giải quyết, xử lý khiếu nại của khách hàng về sản phẩm dịch vụ. - Tạo mối quan hệ với khách hàng mới để bán hàng đạt KPI đề ra. - Lập kế hoạch bán hàng và nộp báo cáo cấp trên hàng tuần/hàng tháng. * Ưu điểm: - Khách hàng tiềm năng: là toàn bộ các cửa hàng rèm trên toàn quốc. - Khách đại lý: mở 1 lần chăm sóc tốt, khách đặt đơn mãi mãi, hưởng doanh số lâu dài. -Bớt áp lực khi là KHÁCH ĐẠI LÝ không phải luôn luôn tìm kiếm khách lẻ chỉ lấy 1 lần. -Sản phẩm hữu hình, dễ vào khách, ngành rèm ít cạnh tranh k vất vả như hàng tiêu dùng. -Được hỗ trợ khách hàng khi mới làm, được hỗ trợ đi thị trường. * Nơi làm việc: Công ty CP SX và TM WINSUN Việt Nam. + Hà nội: Đường Tứ Hiệp, xã Tứ Hiệp, Thanh Trì, Hà Nội. (Cách bến xe nước ngầm 3km). + HCM: 1A216A đường Vĩnh Lộc, Vĩnh Lộc B, Bình Chánh (gần cầu Bà Lát),HCM., Bình Chánh;https://cdn1.vieclam24h.vn/tvn/images/default/2022/10/04/images/166485488219.jpeg
Nhân Viên Kinh Doanh Kênh Mt;6 - 11 triệu;25/02/2024;- Chăm sóc hàng hóa, xin đơn hàng tại các hệ thống siêu thị trong khu vực quản lý - Kiểm date - đảo date và trưng bày hàng hóa tại các siêu thị phụ trách. - Lấy đơn đặt hàng và đảm bảo mật độ bao phủ hàng hóa trên quầy. - Cải thiện mật độ bao phủ hàng hoá đối với những siêu thị chưa đạt được. - Theo dõi CTKM - làm bảng KM và xin đơn đặt hàng đầy đủ khi có chương trình - Xử lý những sự vụ phát sinh liên quan đến siêu thị, hàng hoá;https://cdn1.vieclam24h.vn/upload/files_cua_nguoi_dung/logo/2020/08/14/6117215_vieclam24h_1597375078.jpg
Nhân Viên Marketing - Tổ Chức Sự Kiện;7 - 15 triệu;26/02/2024;- Xây dựng, lập kế hoạch Marketing cho chương trình - Lên ý tưởng, viết content nổi bật, thu hút, tạo sự quan tâm cho các chương trình mình phụ trách - Quản lý chăm sóc và sale cho khách hàng sau khi kết thúc sự kiện . - Tổ chức sự kiện, chương trình mình đảm nhận cùng đội nhóm - quản lý, điều phối đội nhóm cho mỗi sự kiện phụ trách.;https://cdn1.vieclam24h.vn/tvn/images/old_employer_avatar/images/d67dfea7c5d2a8ea2c1def76d9bbdfbf_5ebe16ed033fc_1589516013.png
Nhân Viên Marketing - Lương Đến 15 Triệu;7 - 15 triệu;24/02/2024;- Xây dựng chiến lược bán hàng: lên kế hoạch, viết content , đăng sản phẩm và quảng cáo - Tham gia hỗ trợ và triển khai các chương trình Trade Marketing - Hỗ trợ phòng Chăm sóc khách hàng - Chi tiết công việc sẽ trao đổi cụ thể trong buổi phỏng vấn;https://cdn1.vieclam24h.vn/images/employer_avatar/2024/02/26/z5193090651466_19bb03e178407bab4d7b03bb617f5317_170891400520.jpg
Nhân Viên Marketing;7 - 10 triệu;24/02/2024;Hỗ trợ xây dựng chiến lược phát triển sản phẩm, lên kế hoạch chi tiết và triển khai thực hiện các chương trình/ kế hoạch Marketing được giao phù hợp với các định hướng và mục tiêu của công ty và nhóm hàng. Chịu trách nhiệm lập kế hoạch chi tiết, triển khai thực hiện các chương trình, kế hoạch Marketing. Tương tác làm việc với các phòng ban khác đảm bảo chương trình Marketing được thực hiện hiệu quả và đúng thời điểm. Liên tục theo dõi, kiểm soát quá trình thực hiện các chương trình Marketing để báo cáo cho cấp quản lý trực tiếp và giải quyết vấn đề kịp thời. Kiểm tra và báo cáo kết quả thực hiện chương trình phụ trách. Theo dõi, kiểm soát và báo cáo tình hình sử dụng ngân sách cho các cấp lãnh đạo để đảm bảo ngân sách được sử dụng hợp lý và hiệu quả;https://cdn1.vieclam24h.vn/images/employer_avatar/2024/02/23/z5185762852847_28b2bef472244f7a57646f6e8da493f3_170867556729.jpg
[HCM] Chuyên Viên Tiếp Thị - Marketing Executive;10 - 20 triệu;22/02/2024;− Lead of Rural Expansion Plan − Category development and monitoring − Execute channel development plan including OBPPC for Grocery channel. − Develop and propose promotional mechanics. − Coordinate with regional team to execute promotional activities against expectation. − Coordinate with regional team on executing channel picture of success. − Trade / monitor channel performance vs expectation − Support Window campaign (take turn circulate between team member) − Inject channel plan according to Window with aligned execution across nationwide.;https://cdn1.vieclam24h.vn/images/old_employer_avatar/images/6c8eb7d9a857581864e869018c9de5e1_3416238_vieclam24h_1579496739.png
Marketing Executive;11 - 16 triệu;22/02/2024;-Xây dựng kế hoạch marketing tổng thể và thực thi -Xây dựng chiến dịch Marketing trên tiktok -Lên ý tưởng và booking KOC, KOLs theo từng chiến dịch -Sản xuất content, media phục vụ công tác bán hàng, thương hiệu.;https://cdn1.vieclam24h.vn/images/employer_avatar/2023/03/06/logo (3)_167808309389.png
Nhân Viên Kinh Doanh (Lĩnh Vực F&b) - Thu Nhập Trung Bình Từ 15 - 30 Triệu;15 - 30 triệu;20/02/2024;- Tìm kiếm, khai thác và thu thập nguồn khách hàng và các thương hiệu trong ngành F&B. - Nghiên cứu đối thủ và thị trường. - Lập kế hoạch kinh doanh theo từng giai đoạn mục tiêu phát triển. - Giải quyết các vấn đề liên quan đến khách hàng. - Hoàn thiện kí kết hợp đồng với khách hàng. - Chăm sóc, duy trì mối quan hệ với khách hàng trước và sau khi bán hàng. - Chịu trách nhiệm thu hồi công nợ. - Báo cáo hiệu quả kinh doanh. - Thực hiện các công việc khác theo yêu cầu của cấp trên. Địa chỉ làm việc: + Hà Nội: Số 12, ngõ 224 Trung Kính, Yên Hòa, Cầu Giấy, Hà Nội + Hồ Chí Minh: Số 54 Nguyễn Hữu Cảnh, Phường 22, Quận Bình Thạnh, TP HCM;https://cdn1.vieclam24h.vn/images/employer_avatar/2024/02/19/z5173428788215_e2fed4fb50efae34462d932810020927_170833464363.jpg
Nhân Viên Content Marketing - SEO Website;7 - 13 triệu;20/02/2024;- Lên kế hoạch triển khai nội dung cho các kênh social Web, Facebook, Tiktok, Zalo OA của Công ty - Đóng góp ý tưởng phát triển và xây dựng nội dung. - Cập nhật trend, xu hướng mới để phát triển kênh theo yêu cầu, - Xây dựng thông điệp, nội dung, ấn phẩm các vật dụng quảng cáo phù hợp với từng kênh bán hàng online. - Biên soạn nội dung mới trên website. - Chỉnh sửa, hiệu chỉnh và tối ưu nội dung chuẩn SEO. - Biết sử dụng điện thoại, máy ảnh, máy quay và các phần mềm thiết kế banner, làm ảnh/video. - Thực hiện các công việc khác theo sự phân công của quản lý trực tiếp -------------------------;https://cdn1.vieclam24h.vn/images/employer_avatar/2023/09/14/images_169466154412.png
Nhân Viên Kinh Doanh (Thu Nhập Lên Tới 20 Triệu / Tháng);10 - 20 triệu;19/02/2024;Lập kế hoạch phát triển thị trường sản phẩm bao bì carton & bao bì xốp, xốp Pe Foam Tìm kiếm khách hàng tiềm năng Giới thiệu sản phẩm và bán hàng Chăm sóc khách hàng Tổng hợp phân tích thị trường Đề xuất phương án phát triển thị trường Chi tiết công việc trao đổi khi phỏng vấn;https://cdn1.vieclam24h.vn/images/old_employer_avatar/images/656645421550eb1d8694da4da418f39b_1481179261_1463458167_logo.jpeg
Nhân Viên Marketing Online Chạy Quảng Cáo Facebook Ads;8 - 15 triệu;16/02/2024;- Chạy quảng cáo, quản lý, tối ưu chiến dịch chạy quảng cáo trên các nền tảng Facebook, Website, Shopee...…. - Có khả năng viết bài, lên kế hoạch, set ads, quản lí, tối ưu hóa và báo cáo về hiệu quả của chiến dịch. - Có kỹ năng cơ bản về Edit video và chỉnh sửa ảnh... - Quản lý và phát triển data thương hiệu - Thực hiện các công việc khác được phân công;https://cdn1.vieclam24h.vn/company-logo-medium/052020/c3ee5e4d49dc9930badc24582ca48cef.png
